=== Running LeastAllocated (kind-gpu-scheduler-leastallocated) ===
Warning: Immediate deletion does not wait for confirmation that the running resource has been terminated. The resource may continue to run on the cluster indefinitely.
No resources found

=== LeastAllocated | load=50% | seed=1 ===
  Generated 13 jobs (target load 50%, total compute demand 33/60 units):
  NAME              UNITS  MEM(GB)  TYPE               DURATION(s)
  workload-job-0    4      18       batch-tolerant     1826
  workload-job-1    2      6        latency-sensitive  150
  workload-job-2    3      4        latency-sensitive  173
  workload-job-3    3      9        batch-tolerant     989
  workload-job-4    4      13       batch-tolerant     430
  workload-job-5    1      1        batch-tolerant     106
  workload-job-6    1      3        batch-tolerant     62
  workload-job-7    1      5        batch-tolerant     506
  workload-job-8    1      1        latency-sensitive  2506
  workload-job-9    5      19       latency-sensitive  447
  workload-job-10   1      5        batch-tolerant     2678
  workload-job-11   2      9        batch-tolerant     109
  workload-job-12   5      21       batch-tolerant     579
  Outcomes:
  NAME              STATUS      GPU
  workload-job-0    Running     GPU-0
  workload-job-1    Running     GPU-1
  workload-job-2    Running     GPU-2
  workload-job-3    Running     GPU-3
  workload-job-4    Running     GPU-1
  workload-job-5    Running     GPU-4
  workload-job-6    Running     GPU-5
  workload-job-7    Running     GPU-4
  workload-job-8    Running     GPU-2
  workload-job-9    Running     GPU-0
  workload-job-10   Running     GPU-5
  workload-job-11   Running     GPU-2
  workload-job-12   Running     GPU-3

  SUMMARY: scheduled=13/13 (33/33 units)  denied=0  maxFreeCompute=8/10  totalFree=27/60 (45%)  util=55.0%  idleWaste=$4.68  costPerJob=$0.529  probeSucceeded=false  valid=true

=== LeastAllocated | load=50% | seed=2 ===
  Generated 11 jobs (target load 50%, total compute demand 30/60 units):
  NAME              UNITS  MEM(GB)  TYPE               DURATION(s)
  workload-job-0    1      1        latency-sensitive  1031
  workload-job-1    2      2        latency-sensitive  81
  workload-job-2    6      20       batch-tolerant     2367
  workload-job-3    3      11       latency-sensitive  676
  workload-job-4    2      2        batch-tolerant     291
  workload-job-5    6      17       batch-tolerant     177
  workload-job-6    2      9        batch-tolerant     206
  workload-job-7    2      6        batch-tolerant     1294
  workload-job-8    1      1        batch-tolerant     997
  workload-job-9    3      11       batch-tolerant     1179
  workload-job-10   2      8        latency-sensitive  288
  Outcomes:
  NAME              STATUS      GPU
  workload-job-0    Running     GPU-1
  workload-job-1    Running     GPU-0
  workload-job-2    Running     GPU-1
  workload-job-3    Running     GPU-2
  workload-job-4    Running     GPU-3
  workload-job-5    Running     GPU-0
  workload-job-6    Running     GPU-3
  workload-job-7    Running     GPU-5
  workload-job-8    Running     GPU-4
  workload-job-9    Running     GPU-2
  workload-job-10   Running     GPU-3

  SUMMARY: scheduled=11/11 (30/30 units)  denied=0  maxFreeCompute=9/10  totalFree=30/60 (50%)  util=50.0%  idleWaste=$5.20  costPerJob=$0.592  probeSucceeded=false  valid=true

=== LeastAllocated | load=50% | seed=3 ===
  Generated 5 jobs (target load 50%, total compute demand 30/60 units):
  NAME              UNITS  MEM(GB)  TYPE               DURATION(s)
  workload-job-0    6      10       latency-sensitive  143
  workload-job-1    1      1        latency-sensitive  1928
  workload-job-2    9      19       batch-tolerant     92
  workload-job-3    9      26       batch-tolerant     855
  workload-job-4    5      20       batch-tolerant     753
  Outcomes:
  NAME              STATUS      GPU
  workload-job-0    Running     GPU-1
  workload-job-1    Running     GPU-0
  workload-job-2    Running     GPU-0
  workload-job-3    Running     GPU-2
  workload-job-4    Running     GPU-3

  SUMMARY: scheduled=5/5 (30/30 units)  denied=0  maxFreeCompute=10/10  totalFree=30/60 (50%)  util=50.0%  idleWaste=$5.20  costPerJob=$1.380  probeSucceeded=true  valid=true

=== LeastAllocated | load=50% | seed=4 ===
  Generated 10 jobs (target load 50%, total compute demand 31/60 units):
  NAME              UNITS  MEM(GB)  TYPE               DURATION(s)
  workload-job-0    2      4        batch-tolerant     248
  workload-job-1    2      4        latency-sensitive  237
  workload-job-2    2      7        batch-tolerant     189
  workload-job-3    5      14       latency-sensitive  108
  workload-job-4    2      7        batch-tolerant     1840
  workload-job-5    2      5        batch-tolerant     171
  workload-job-6    3      10       latency-sensitive  170
  workload-job-7    1      2        batch-tolerant     2755
  workload-job-8    7      16       batch-tolerant     102
  workload-job-9    5      9        batch-tolerant     125
  Outcomes:
  NAME              STATUS      GPU
  workload-job-0    Running     GPU-0
  workload-job-1    Running     GPU-1
  workload-job-2    Running     GPU-2
  workload-job-3    Running     GPU-3
  workload-job-4    Running     GPU-0
  workload-job-5    Running     GPU-5
  workload-job-6    Running     GPU-1
  workload-job-7    Running     GPU-4
  workload-job-8    Running     GPU-2
  workload-job-9    Running     GPU-0

  SUMMARY: scheduled=10/10 (31/31 units)  denied=0  maxFreeCompute=9/10  totalFree=29/60 (48%)  util=51.7%  idleWaste=$5.03  costPerJob=$0.651  probeSucceeded=false  valid=true

=== LeastAllocated | load=50% | seed=5 ===
  Generated 10 jobs (target load 50%, total compute demand 32/60 units):
  NAME              UNITS  MEM(GB)  TYPE               DURATION(s)
  workload-job-0    5      13       batch-tolerant     887
  workload-job-1    5      21       latency-sensitive  2105
  workload-job-2    1      4        batch-tolerant     788
  workload-job-3    5      18       latency-sensitive  177
  workload-job-4    5      12       batch-tolerant     2613
  workload-job-5    3      8        batch-tolerant     147
  workload-job-6    1      4        batch-tolerant     120
  workload-job-7    3      6        latency-sensitive  187
  workload-job-8    1      3        batch-tolerant     1855
  workload-job-9    3      6        latency-sensitive  338
  Outcomes:
  NAME              STATUS      GPU
  workload-job-0    Running     GPU-0
  workload-job-1    Running     GPU-1
  workload-job-2    Running     GPU-2
  workload-job-3    Running     GPU-3
  workload-job-4    Running     GPU-2
  workload-job-5    Running     GPU-5
  workload-job-6    Running     GPU-4
  workload-job-7    Running     GPU-0
  workload-job-8    Running     GPU-4
  workload-job-9    Running     GPU-1

  SUMMARY: scheduled=10/10 (32/32 units)  denied=0  maxFreeCompute=8/10  totalFree=28/60 (47%)  util=53.3%  idleWaste=$4.85  costPerJob=$0.680  probeSucceeded=false  valid=true

=== LeastAllocated | load=50% | seed=6 ===
  Generated 10 jobs (target load 50%, total compute demand 31/60 units):
  NAME              UNITS  MEM(GB)  TYPE               DURATION(s)
  workload-job-0    3      12       latency-sensitive  1629
  workload-job-1    1      1        batch-tolerant     1476
  workload-job-2    6      24       latency-sensitive  2187
  workload-job-3    3      5        batch-tolerant     48
  workload-job-4    1      1        latency-sensitive  918
  workload-job-5    5      19       batch-tolerant     1348
  workload-job-6    4      7        batch-tolerant     1109
  workload-job-7    3      8        latency-sensitive  35
  workload-job-8    1      1        batch-tolerant     1803
  workload-job-9    4      15       latency-sensitive  1001
  Outcomes:
  NAME              STATUS      GPU
  workload-job-0    Running     GPU-0
  workload-job-1    Running     GPU-1
  workload-job-2    Running     GPU-1
  workload-job-3    Running     GPU-2
  workload-job-4    Running     GPU-3
  workload-job-5    Running     GPU-3
  workload-job-6    Running     GPU-5
  workload-job-7    Running     GPU-0
  workload-job-8    Running     GPU-4
  workload-job-9    Running     GPU-2

  SUMMARY: scheduled=10/10 (31/31 units)  denied=0  maxFreeCompute=9/10  totalFree=29/60 (48%)  util=51.7%  idleWaste=$5.03  costPerJob=$0.620  probeSucceeded=false  valid=true

=== LeastAllocated | load=50% | seed=7 ===
  Generated 10 jobs (target load 50%, total compute demand 31/60 units):
  NAME              UNITS  MEM(GB)  TYPE               DURATION(s)
  workload-job-0    7      15       latency-sensitive  131
  workload-job-1    2      5        batch-tolerant     255
  workload-job-2    3      9        latency-sensitive  64
  workload-job-3    1      2        latency-sensitive  224
  workload-job-4    5      11       latency-sensitive  1872
  workload-job-5    2      4        batch-tolerant     2837
  workload-job-6    2      6        batch-tolerant     1666
  workload-job-7    3      6        batch-tolerant     158
  workload-job-8    3      12       latency-sensitive  104
  workload-job-9    3      14       batch-tolerant     213
  Outcomes:
  NAME              STATUS      GPU
  workload-job-0    Running     GPU-1
  workload-job-1    Running     GPU-0
  workload-job-2    Running     GPU-3
  workload-job-3    Running     GPU-2
  workload-job-4    Running     GPU-0
  workload-job-5    Running     GPU-2
  workload-job-6    Running     GPU-5
  workload-job-7    Running     GPU-4
  workload-job-8    Running     GPU-2
  workload-job-9    Running     GPU-3

  SUMMARY: scheduled=10/10 (31/31 units)  denied=0  maxFreeCompute=8/10  totalFree=29/60 (48%)  util=51.7%  idleWaste=$5.03  costPerJob=$0.635  probeSucceeded=false  valid=true

=== LeastAllocated | load=50% | seed=8 ===
  Generated 11 jobs (target load 50%, total compute demand 30/60 units):
  NAME              UNITS  MEM(GB)  TYPE               DURATION(s)
  workload-job-0    1      3        latency-sensitive  72
  workload-job-1    3      7        batch-tolerant     91
  workload-job-2    1      2        latency-sensitive  350
  workload-job-3    3      12       batch-tolerant     406
  workload-job-4    3      10       latency-sensitive  1841
  workload-job-5    3      12       batch-tolerant     891
  workload-job-6    6      11       latency-sensitive  1846
  workload-job-7    3      12       latency-sensitive  1059
  workload-job-8    2      6        latency-sensitive  65
  workload-job-9    2      8        batch-tolerant     55
  workload-job-10   3      7        batch-tolerant     1733
  Outcomes:
  NAME              STATUS      GPU
  workload-job-0    Running     GPU-0
  workload-job-1    Running     GPU-1
  workload-job-2    Running     GPU-2
  workload-job-3    Running     GPU-3
  workload-job-4    Running     GPU-0
  workload-job-5    Running     GPU-2
  workload-job-6    Running     GPU-1
  workload-job-7    Running     GPU-0
  workload-job-8    Running     GPU-3
  workload-job-9    Running     GPU-5
  workload-job-10   Running     GPU-4

  SUMMARY: scheduled=11/11 (30/30 units)  denied=0  maxFreeCompute=8/10  totalFree=30/60 (50%)  util=50.0%  idleWaste=$5.20  costPerJob=$0.591  probeSucceeded=false  valid=true

=== LeastAllocated | load=50% | seed=9 ===
  Generated 8 jobs (target load 50%, total compute demand 32/60 units):
  NAME              UNITS  MEM(GB)  TYPE               DURATION(s)
  workload-job-0    2      8        batch-tolerant     772
  workload-job-1    6      24       batch-tolerant     243
  workload-job-2    6      24       batch-tolerant     210
  workload-job-3    7      21       latency-sensitive  545
  workload-job-4    4      8        latency-sensitive  2195
  workload-job-5    1      3        latency-sensitive  2106
  workload-job-6    3      9        latency-sensitive  186
  workload-job-7    3      6        batch-tolerant     1695
  Outcomes:
  NAME              STATUS      GPU
  workload-job-0    Running     GPU-0
  workload-job-1    Running     GPU-1
  workload-job-2    Running     GPU-2
  workload-job-3    Running     GPU-3
  workload-job-4    Running     GPU-0
  workload-job-5    Running     GPU-0
  workload-job-6    Running     GPU-1
  workload-job-7    Running     GPU-5

  SUMMARY: scheduled=8/8 (32/32 units)  denied=0  maxFreeCompute=10/10  totalFree=28/60 (47%)  util=53.3%  idleWaste=$4.85  costPerJob=$0.870  probeSucceeded=true  valid=true

=== LeastAllocated | load=50% | seed=10 ===
  Generated 8 jobs (target load 50%, total compute demand 36/60 units):
  NAME              UNITS  MEM(GB)  TYPE               DURATION(s)
  workload-job-0    2      8        batch-tolerant     2540
  workload-job-1    6      11       batch-tolerant     3112
  workload-job-2    7      29       batch-tolerant     3427
  workload-job-3    4      12       latency-sensitive  1397
  workload-job-4    1      3        latency-sensitive  172
  workload-job-5    5      13       batch-tolerant     1284
  workload-job-6    3      13       latency-sensitive  56
  workload-job-7    8      25       batch-tolerant     198
  Outcomes:
  NAME              STATUS      GPU
  workload-job-0    Running     GPU-0
  workload-job-1    Running     GPU-1
  workload-job-2    Running     GPU-0
  workload-job-3    Running     GPU-2
  workload-job-4    Running     GPU-3
  workload-job-5    Running     GPU-3
  workload-job-6    Running     GPU-1
  workload-job-7    Pending     (unscheduled)

  SUMMARY: scheduled=7/8 (28/36 units)  denied=0  maxFreeCompute=10/10  totalFree=32/60 (53%)  util=46.7%  idleWaste=$5.55  costPerJob=$0.986  probeSucceeded=true  valid=true

=== LeastAllocated | load=75% | seed=1 ===
  Generated 17 jobs (target load 75%, total compute demand 45/60 units):
  NAME              UNITS  MEM(GB)  TYPE               DURATION(s)
  workload-job-0    4      18       batch-tolerant     1826
  workload-job-1    2      6        latency-sensitive  150
  workload-job-2    3      4        latency-sensitive  173
  workload-job-3    3      9        batch-tolerant     989
  workload-job-4    4      13       batch-tolerant     430
  workload-job-5    1      1        batch-tolerant     106
  workload-job-6    1      3        batch-tolerant     62
  workload-job-7    1      5        batch-tolerant     506
  workload-job-8    1      1        latency-sensitive  2506
  workload-job-9    5      19       latency-sensitive  447
  workload-job-10   1      5        batch-tolerant     2678
  workload-job-11   2      9        batch-tolerant     109
  workload-job-12   5      21       batch-tolerant     579
  workload-job-13   1      1        batch-tolerant     2944
  workload-job-14   3      5        batch-tolerant     1188
  workload-job-15   5      13       batch-tolerant     854
  workload-job-16   3      6        batch-tolerant     472
  Outcomes:
  NAME              STATUS      GPU
  workload-job-0    Running     GPU-0
  workload-job-1    Running     GPU-1
  workload-job-2    Running     GPU-2
  workload-job-3    Running     GPU-3
  workload-job-4    Running     GPU-1
  workload-job-5    Running     GPU-5
  workload-job-6    Running     GPU-4
  workload-job-7    Running     GPU-5
  workload-job-8    Running     GPU-2
  workload-job-9    Running     GPU-0
  workload-job-10   Running     GPU-4
  workload-job-11   Running     GPU-2
  workload-job-12   Running     GPU-3
  workload-job-13   Running     GPU-5
  workload-job-14   Running     GPU-1
  workload-job-15   Pending     (unscheduled)
  workload-job-16   Running     GPU-4

  SUMMARY: scheduled=16/17 (40/45 units)  denied=0  maxFreeCompute=7/10  totalFree=20/60 (33%)  util=66.7%  idleWaste=$3.47  costPerJob=$0.504  probeSucceeded=false  valid=true

=== LeastAllocated | load=75% | seed=2 ===
  Generated 17 jobs (target load 75%, total compute demand 46/60 units):
  NAME              UNITS  MEM(GB)  TYPE               DURATION(s)
  workload-job-0    1      1        latency-sensitive  1031
  workload-job-1    2      2        latency-sensitive  81
  workload-job-2    6      20       batch-tolerant     2367
  workload-job-3    3      11       latency-sensitive  676
  workload-job-4    2      2        batch-tolerant     291
  workload-job-5    6      17       batch-tolerant     177
  workload-job-6    2      9        batch-tolerant     206
  workload-job-7    2      6        batch-tolerant     1294
  workload-job-8    1      1        batch-tolerant     997
  workload-job-9    3      11       batch-tolerant     1179
  workload-job-10   2      8        latency-sensitive  288
  workload-job-11   2      7        latency-sensitive  1476
  workload-job-12   1      5        batch-tolerant     49
  workload-job-13   2      8        batch-tolerant     328
  workload-job-14   1      2        latency-sensitive  141
  workload-job-15   6      12       latency-sensitive  1478
  workload-job-16   4      10       batch-tolerant     1894
  Outcomes:
  NAME              STATUS      GPU
  workload-job-0    Running     GPU-1
  workload-job-1    Running     GPU-0
  workload-job-2    Running     GPU-1
  workload-job-3    Running     GPU-2
  workload-job-4    Running     GPU-3
  workload-job-5    Running     GPU-0
  workload-job-6    Running     GPU-3
  workload-job-7    Running     GPU-5
  workload-job-8    Running     GPU-4
  workload-job-9    Running     GPU-2
  workload-job-10   Running     GPU-3
  workload-job-11   Running     GPU-1
  workload-job-12   Running     GPU-4
  workload-job-13   Running     GPU-4
  workload-job-14   Running     GPU-0
  workload-job-15   Pending     (unscheduled)
  workload-job-16   Running     GPU-5

  SUMMARY: scheduled=16/17 (40/46 units)  denied=0  maxFreeCompute=6/10  totalFree=20/60 (33%)  util=66.7%  idleWaste=$3.47  costPerJob=$0.494  probeSucceeded=false  valid=true

=== LeastAllocated | load=75% | seed=3 ===
  Generated 9 jobs (target load 75%, total compute demand 50/60 units):
  NAME              UNITS  MEM(GB)  TYPE               DURATION(s)
  workload-job-0    6      10       latency-sensitive  143
  workload-job-1    1      1        latency-sensitive  1928
  workload-job-2    9      19       batch-tolerant     92
  workload-job-3    9      26       batch-tolerant     855
  workload-job-4    5      20       batch-tolerant     753
  workload-job-5    8      31       latency-sensitive  226
  workload-job-6    3      6        batch-tolerant     3314
  workload-job-7    3      8        latency-sensitive  127
  workload-job-8    6      19       latency-sensitive  288
  Outcomes:
  NAME              STATUS      GPU
  workload-job-0    Running     GPU-1
  workload-job-1    Running     GPU-0
  workload-job-2    Running     GPU-0
  workload-job-3    Running     GPU-2
  workload-job-4    Running     GPU-3
  workload-job-5    Pending     (unscheduled)
  workload-job-6    Running     GPU-4
  workload-job-7    Running     GPU-1
  workload-job-8    Pending     (unscheduled)

  SUMMARY: scheduled=7/9 (36/50 units)  denied=0  maxFreeCompute=10/10  totalFree=24/60 (40%)  util=60.0%  idleWaste=$4.16  costPerJob=$1.144  probeSucceeded=true  valid=true

=== LeastAllocated | load=75% | seed=4 ===
  Generated 14 jobs (target load 75%, total compute demand 46/60 units):
  NAME              UNITS  MEM(GB)  TYPE               DURATION(s)
  workload-job-0    2      4        batch-tolerant     248
  workload-job-1    2      4        latency-sensitive  237
  workload-job-2    2      7        batch-tolerant     189
  workload-job-3    5      14       latency-sensitive  108
  workload-job-4    2      7        batch-tolerant     1840
  workload-job-5    2      5        batch-tolerant     171
  workload-job-6    3      10       latency-sensitive  170
  workload-job-7    1      2        batch-tolerant     2755
  workload-job-8    7      16       batch-tolerant     102
  workload-job-9    5      9        batch-tolerant     125
  workload-job-10   5      8        latency-sensitive  2284
  workload-job-11   3      7        latency-sensitive  3173
  workload-job-12   5      8        latency-sensitive  258
  workload-job-13   2      4        batch-tolerant     1331
  Outcomes:
  NAME              STATUS      GPU
  workload-job-0    Running     GPU-1
  workload-job-1    Running     GPU-0
  workload-job-2    Running     GPU-2
  workload-job-3    Running     GPU-3
  workload-job-4    Running     GPU-1
  workload-job-5    Running     GPU-0
  workload-job-6    Running     GPU-2
  workload-job-7    Running     GPU-5
  workload-job-8    Running     GPU-4
  workload-job-9    Running     GPU-0
  workload-job-10   Running     GPU-1
  workload-job-11   Running     GPU-3
  workload-job-12   Running     GPU-2
  workload-job-13   Running     GPU-5

  SUMMARY: scheduled=14/14 (46/46 units)  denied=0  maxFreeCompute=7/10  totalFree=14/60 (23%)  util=76.7%  idleWaste=$2.43  costPerJob=$0.629  probeSucceeded=false  valid=true

=== LeastAllocated | load=75% | seed=5 ===
  Generated 14 jobs (target load 75%, total compute demand 46/60 units):
  NAME              UNITS  MEM(GB)  TYPE               DURATION(s)
  workload-job-0    5      13       batch-tolerant     887
  workload-job-1    5      21       latency-sensitive  2105
  workload-job-2    1      4        batch-tolerant     788
  workload-job-3    5      18       latency-sensitive  177
  workload-job-4    5      12       batch-tolerant     2613
  workload-job-5    3      8        batch-tolerant     147
  workload-job-6    1      4        batch-tolerant     120
  workload-job-7    3      6        latency-sensitive  187
  workload-job-8    1      3        batch-tolerant     1855
  workload-job-9    3      6        latency-sensitive  338
  workload-job-10   5      13       latency-sensitive  162
  workload-job-11   1      5        batch-tolerant     169
  workload-job-12   2      7        batch-tolerant     1785
  workload-job-13   6      13       batch-tolerant     3049
  Outcomes:
  NAME              STATUS      GPU
  workload-job-0    Running     GPU-0
  workload-job-1    Running     GPU-1
  workload-job-2    Running     GPU-2
  workload-job-3    Running     GPU-3
  workload-job-4    Running     GPU-2
  workload-job-5    Running     GPU-4
  workload-job-6    Running     GPU-5
  workload-job-7    Running     GPU-0
  workload-job-8    Running     GPU-5
  workload-job-9    Running     GPU-1
  workload-job-10   Running     GPU-3
  workload-job-11   Running     GPU-5
  workload-job-12   Running     GPU-0
  workload-job-13   Pending     (unscheduled)

  SUMMARY: scheduled=13/14 (40/46 units)  denied=0  maxFreeCompute=7/10  totalFree=20/60 (33%)  util=66.7%  idleWaste=$3.47  costPerJob=$0.632  probeSucceeded=false  valid=true

=== LeastAllocated | load=75% | seed=6 ===
  Generated 13 jobs (target load 75%, total compute demand 48/60 units):
  NAME              UNITS  MEM(GB)  TYPE               DURATION(s)
  workload-job-0    3      12       latency-sensitive  1629
  workload-job-1    1      1        batch-tolerant     1476
  workload-job-2    6      24       latency-sensitive  2187
  workload-job-3    3      5        batch-tolerant     48
  workload-job-4    1      1        latency-sensitive  918
  workload-job-5    5      19       batch-tolerant     1348
  workload-job-6    4      7        batch-tolerant     1109
  workload-job-7    3      8        latency-sensitive  35
  workload-job-8    1      1        batch-tolerant     1803
  workload-job-9    4      15       latency-sensitive  1001
  workload-job-10   5      20       batch-tolerant     63
  workload-job-11   6      17       batch-tolerant     849
  workload-job-12   6      16       batch-tolerant     246
  Outcomes:
  NAME              STATUS      GPU
  workload-job-0    Running     GPU-0
  workload-job-1    Running     GPU-1
  workload-job-2    Running     GPU-1
  workload-job-3    Running     GPU-2
  workload-job-4    Running     GPU-3
  workload-job-5    Running     GPU-3
  workload-job-6    Running     GPU-5
  workload-job-7    Running     GPU-0
  workload-job-8    Running     GPU-4
  workload-job-9    Running     GPU-2
  workload-job-10   Pending     (unscheduled)
  workload-job-11   Pending     (unscheduled)
  workload-job-12   Pending     (unscheduled)

  SUMMARY: scheduled=10/13 (31/48 units)  denied=0  maxFreeCompute=9/10  totalFree=29/60 (48%)  util=51.7%  idleWaste=$5.03  costPerJob=$0.620  probeSucceeded=false  valid=true

=== LeastAllocated | load=75% | seed=7 ===
  Generated 14 jobs (target load 75%, total compute demand 48/60 units):
  NAME              UNITS  MEM(GB)  TYPE               DURATION(s)
  workload-job-0    7      15       latency-sensitive  131
  workload-job-1    2      5        batch-tolerant     255
  workload-job-2    3      9        latency-sensitive  64
  workload-job-3    1      2        latency-sensitive  224
  workload-job-4    5      11       latency-sensitive  1872
  workload-job-5    2      4        batch-tolerant     2837
  workload-job-6    2      6        batch-tolerant     1666
  workload-job-7    3      6        batch-tolerant     158
  workload-job-8    3      12       latency-sensitive  104
  workload-job-9    3      14       batch-tolerant     213
  workload-job-10   2      7        batch-tolerant     1178
  workload-job-11   2      6        batch-tolerant     298
  workload-job-12   8      32       latency-sensitive  2107
  workload-job-13   5      13       batch-tolerant     3105
  Outcomes:
  NAME              STATUS      GPU
  workload-job-0    Running     GPU-0
  workload-job-1    Running     GPU-1
  workload-job-2    Running     GPU-2
  workload-job-3    Running     GPU-3
  workload-job-4    Running     GPU-1
  workload-job-5    Running     GPU-3
  workload-job-6    Running     GPU-5
  workload-job-7    Running     GPU-4
  workload-job-8    Running     GPU-3
  workload-job-9    Running     GPU-2
  workload-job-10   Running     GPU-0
  workload-job-11   Running     GPU-5
  workload-job-12   Pending     (unscheduled)
  workload-job-13   Pending     (unscheduled)

  SUMMARY: scheduled=12/14 (35/48 units)  denied=0  maxFreeCompute=7/10  totalFree=25/60 (42%)  util=58.3%  idleWaste=$4.33  costPerJob=$0.591  probeSucceeded=false  valid=true

=== LeastAllocated | load=75% | seed=8 ===
  Generated 16 jobs (target load 75%, total compute demand 45/60 units):
  NAME              UNITS  MEM(GB)  TYPE               DURATION(s)
  workload-job-0    1      3        latency-sensitive  72
  workload-job-1    3      7        batch-tolerant     91
  workload-job-2    1      2        latency-sensitive  350
  workload-job-3    3      12       batch-tolerant     406
  workload-job-4    3      10       latency-sensitive  1841
  workload-job-5    3      12       batch-tolerant     891
  workload-job-6    6      11       latency-sensitive  1846
  workload-job-7    3      12       latency-sensitive  1059
  workload-job-8    2      6        latency-sensitive  65
  workload-job-9    2      8        batch-tolerant     55
  workload-job-10   3      7        batch-tolerant     1733
  workload-job-11   1      4        batch-tolerant     2079
  workload-job-12   3      11       batch-tolerant     288
  workload-job-13   5      20       batch-tolerant     1531
  workload-job-14   4      7        batch-tolerant     247
  workload-job-15   2      5        batch-tolerant     3120
  Outcomes:
  NAME              STATUS      GPU
  workload-job-0    Running     GPU-1
  workload-job-1    Running     GPU-0
  workload-job-2    Running     GPU-2
  workload-job-3    Running     GPU-3
  workload-job-4    Running     GPU-1
  workload-job-5    Running     GPU-2
  workload-job-6    Running     GPU-0
  workload-job-7    Running     GPU-1
  workload-job-8    Running     GPU-3
  workload-job-9    Running     GPU-4
  workload-job-10   Running     GPU-5
  workload-job-11   Running     GPU-2
  workload-job-12   Running     GPU-1
  workload-job-13   Running     GPU-2
  workload-job-14   Running     GPU-3
  workload-job-15   Running     GPU-4

  SUMMARY: scheduled=16/16 (45/45 units)  denied=0  maxFreeCompute=7/10  totalFree=15/60 (25%)  util=75.0%  idleWaste=$2.60  costPerJob=$0.565  probeSucceeded=false  valid=true

=== LeastAllocated | load=75% | seed=9 ===
  Generated 12 jobs (target load 75%, total compute demand 45/60 units):
  NAME              UNITS  MEM(GB)  TYPE               DURATION(s)
  workload-job-0    2      8        batch-tolerant     772
  workload-job-1    6      24       batch-tolerant     243
  workload-job-2    6      24       batch-tolerant     210
  workload-job-3    7      21       latency-sensitive  545
  workload-job-4    4      8        latency-sensitive  2195
  workload-job-5    1      3        latency-sensitive  2106
  workload-job-6    3      9        latency-sensitive  186
  workload-job-7    3      6        batch-tolerant     1695
  workload-job-8    2      7        latency-sensitive  735
  workload-job-9    6      19       latency-sensitive  675
  workload-job-10   2      6        batch-tolerant     394
  workload-job-11   3      11       batch-tolerant     291
  Outcomes:
  NAME              STATUS      GPU
  workload-job-0    Running     GPU-0
  workload-job-1    Running     GPU-1
  workload-job-2    Running     GPU-2
  workload-job-3    Running     GPU-3
  workload-job-4    Running     GPU-0
  workload-job-5    Running     GPU-0
  workload-job-6    Running     GPU-1
  workload-job-7    Running     GPU-4
  workload-job-8    Running     GPU-0
  workload-job-9    Pending     (unscheduled)
  workload-job-10   Running     GPU-5
  workload-job-11   Running     GPU-2

  SUMMARY: scheduled=11/12 (39/45 units)  denied=0  maxFreeCompute=8/10  totalFree=21/60 (35%)  util=65.0%  idleWaste=$3.64  costPerJob=$0.741  probeSucceeded=false  valid=true

=== LeastAllocated | load=75% | seed=10 ===
  Generated 11 jobs (target load 75%, total compute demand 45/60 units):
  NAME              UNITS  MEM(GB)  TYPE               DURATION(s)
  workload-job-0    2      8        batch-tolerant     2540
  workload-job-1    6      11       batch-tolerant     3112
  workload-job-2    7      29       batch-tolerant     3427
  workload-job-3    4      12       latency-sensitive  1397
  workload-job-4    1      3        latency-sensitive  172
  workload-job-5    5      13       batch-tolerant     1284
  workload-job-6    3      13       latency-sensitive  56
  workload-job-7    8      25       batch-tolerant     198
  workload-job-8    4      8        batch-tolerant     3055
  workload-job-9    2      5        latency-sensitive  2901
  workload-job-10   3      11       latency-sensitive  2777
  Outcomes:
  NAME              STATUS      GPU
  workload-job-0    Running     GPU-0
  workload-job-1    Running     GPU-1
  workload-job-2    Running     GPU-0
  workload-job-3    Running     GPU-2
  workload-job-4    Running     GPU-3
  workload-job-5    Running     GPU-3
  workload-job-6    Running     GPU-1
  workload-job-7    Pending     (unscheduled)
  workload-job-8    Running     GPU-5
  workload-job-9    Running     GPU-2
  workload-job-10   Running     GPU-3

  SUMMARY: scheduled=10/11 (37/45 units)  denied=0  maxFreeCompute=10/10  totalFree=23/60 (38%)  util=61.7%  idleWaste=$3.99  costPerJob=$0.793  probeSucceeded=true  valid=true

=== LeastAllocated | load=90% | seed=1 ===
  Generated 20 jobs (target load 90%, total compute demand 60/60 units):
  NAME              UNITS  MEM(GB)  TYPE               DURATION(s)
  workload-job-0    4      18       batch-tolerant     1826
  workload-job-1    2      6        latency-sensitive  150
  workload-job-2    3      4        latency-sensitive  173
  workload-job-3    3      9        batch-tolerant     989
  workload-job-4    4      13       batch-tolerant     430
  workload-job-5    1      1        batch-tolerant     106
  workload-job-6    1      3        batch-tolerant     62
  workload-job-7    1      5        batch-tolerant     506
  workload-job-8    1      1        latency-sensitive  2506
  workload-job-9    5      19       latency-sensitive  447
  workload-job-10   1      5        batch-tolerant     2678
  workload-job-11   2      9        batch-tolerant     109
  workload-job-12   5      21       batch-tolerant     579
  workload-job-13   1      1        batch-tolerant     2944
  workload-job-14   3      5        batch-tolerant     1188
  workload-job-15   5      13       batch-tolerant     854
  workload-job-16   3      6        batch-tolerant     472
  workload-job-17   6      17       latency-sensitive  123
  workload-job-18   2      5        latency-sensitive  126
  workload-job-19   7      22       batch-tolerant     189
  Outcomes:
  NAME              STATUS      GPU
  workload-job-0    Running     GPU-0
  workload-job-1    Running     GPU-1
  workload-job-2    Running     GPU-2
  workload-job-3    Running     GPU-3
  workload-job-4    Running     GPU-1
  workload-job-5    Running     GPU-4
  workload-job-6    Running     GPU-5
  workload-job-7    Running     GPU-4
  workload-job-8    Running     GPU-2
  workload-job-9    Running     GPU-0
  workload-job-10   Running     GPU-5
  workload-job-11   Running     GPU-2
  workload-job-12   Running     GPU-3
  workload-job-13   Running     GPU-4
  workload-job-14   Running     GPU-1
  workload-job-15   Pending     (unscheduled)
  workload-job-16   Running     GPU-5
  workload-job-17   Pending     (unscheduled)
  workload-job-18   Running     GPU-2
  workload-job-19   Pending     (unscheduled)

  SUMMARY: scheduled=17/20 (42/60 units)  denied=0  maxFreeCompute=7/10  totalFree=18/60 (30%)  util=70.0%  idleWaste=$3.12  costPerJob=$0.492  probeSucceeded=false  valid=true

=== LeastAllocated | load=90% | seed=2 ===
  Generated 21 jobs (target load 90%, total compute demand 56/60 units):
  NAME              UNITS  MEM(GB)  TYPE               DURATION(s)
  workload-job-0    1      1        latency-sensitive  1031
  workload-job-1    2      2        latency-sensitive  81
  workload-job-2    6      20       batch-tolerant     2367
  workload-job-3    3      11       latency-sensitive  676
  workload-job-4    2      2        batch-tolerant     291
  workload-job-5    6      17       batch-tolerant     177
  workload-job-6    2      9        batch-tolerant     206
  workload-job-7    2      6        batch-tolerant     1294
  workload-job-8    1      1        batch-tolerant     997
  workload-job-9    3      11       batch-tolerant     1179
  workload-job-10   2      8        latency-sensitive  288
  workload-job-11   2      7        latency-sensitive  1476
  workload-job-12   1      5        batch-tolerant     49
  workload-job-13   2      8        batch-tolerant     328
  workload-job-14   1      2        latency-sensitive  141
  workload-job-15   6      12       latency-sensitive  1478
  workload-job-16   4      10       batch-tolerant     1894
  workload-job-17   1      2        latency-sensitive  174
  workload-job-18   4      17       batch-tolerant     2725
  workload-job-19   2      7        batch-tolerant     1848
  workload-job-20   3      7        batch-tolerant     207
  Outcomes:
  NAME              STATUS      GPU
  workload-job-0    Running     GPU-1
  workload-job-1    Running     GPU-0
  workload-job-2    Running     GPU-1
  workload-job-3    Running     GPU-2
  workload-job-4    Running     GPU-3
  workload-job-5    Running     GPU-0
  workload-job-6    Running     GPU-3
  workload-job-7    Running     GPU-4
  workload-job-8    Running     GPU-5
  workload-job-9    Running     GPU-2
  workload-job-10   Running     GPU-3
  workload-job-11   Running     GPU-1
  workload-job-12   Running     GPU-5
  workload-job-13   Running     GPU-4
  workload-job-14   Running     GPU-0
  workload-job-15   Pending     (unscheduled)
  workload-job-16   Running     GPU-5
  workload-job-17   Running     GPU-3
  workload-job-18   Running     GPU-2
  workload-job-19   Running     GPU-3
  workload-job-20   Pending     (unscheduled)

  SUMMARY: scheduled=19/21 (47/56 units)  denied=0  maxFreeCompute=6/10  totalFree=13/60 (22%)  util=78.3%  idleWaste=$2.25  costPerJob=$0.471  probeSucceeded=false  valid=true

=== LeastAllocated | load=90% | seed=3 ===
  Generated 12 jobs (target load 90%, total compute demand 59/60 units):
  NAME              UNITS  MEM(GB)  TYPE               DURATION(s)
  workload-job-0    6      10       latency-sensitive  143
  workload-job-1    1      1        latency-sensitive  1928
  workload-job-2    9      19       batch-tolerant     92
  workload-job-3    9      26       batch-tolerant     855
  workload-job-4    5      20       batch-tolerant     753
  workload-job-5    8      31       latency-sensitive  226
  workload-job-6    3      6        batch-tolerant     3314
  workload-job-7    3      8        latency-sensitive  127
  workload-job-8    6      19       latency-sensitive  288
  workload-job-9    1      5        batch-tolerant     219
  workload-job-10   2      6        batch-tolerant     245
  workload-job-11   6      16       latency-sensitive  71
  Outcomes:
  NAME              STATUS      GPU
  workload-job-0    Running     GPU-0
  workload-job-1    Running     GPU-1
  workload-job-2    Running     GPU-1
  workload-job-3    Running     GPU-2
  workload-job-4    Running     GPU-3
  workload-job-5    Pending     (unscheduled)
  workload-job-6    Running     GPU-4
  workload-job-7    Running     GPU-0
  workload-job-8    Pending     (unscheduled)
  workload-job-9    Running     GPU-5
  workload-job-10   Running     GPU-5
  workload-job-11   Pending     (unscheduled)

  SUMMARY: scheduled=9/12 (39/59 units)  denied=0  maxFreeCompute=7/10  totalFree=21/60 (35%)  util=65.0%  idleWaste=$3.64  costPerJob=$0.913  probeSucceeded=false  valid=true

=== LeastAllocated | load=90% | seed=4 ===
  Generated 18 jobs (target load 90%, total compute demand 58/60 units):
  NAME              UNITS  MEM(GB)  TYPE               DURATION(s)
  workload-job-0    2      4        batch-tolerant     248
  workload-job-1    2      4        latency-sensitive  237
  workload-job-2    2      7        batch-tolerant     189
  workload-job-3    5      14       latency-sensitive  108
  workload-job-4    2      7        batch-tolerant     1840
  workload-job-5    2      5        batch-tolerant     171
  workload-job-6    3      10       latency-sensitive  170
  workload-job-7    1      2        batch-tolerant     2755
  workload-job-8    7      16       batch-tolerant     102
  workload-job-9    5      9        batch-tolerant     125
  workload-job-10   5      8        latency-sensitive  2284
  workload-job-11   3      7        latency-sensitive  3173
  workload-job-12   5      8        latency-sensitive  258
  workload-job-13   2      4        batch-tolerant     1331
  workload-job-14   1      2        latency-sensitive  3497
  workload-job-15   4      12       latency-sensitive  2763
  workload-job-16   1      1        batch-tolerant     1231
  workload-job-17   6      24       latency-sensitive  131
  Outcomes:
  NAME              STATUS      GPU
  workload-job-0    Running     GPU-0
  workload-job-1    Running     GPU-1
  workload-job-2    Running     GPU-2
  workload-job-3    Running     GPU-3
  workload-job-4    Running     GPU-0
  workload-job-5    Running     GPU-5
  workload-job-6    Running     GPU-1
  workload-job-7    Running     GPU-4
  workload-job-8    Running     GPU-2
  workload-job-9    Running     GPU-0
  workload-job-10   Running     GPU-1
  workload-job-11   Running     GPU-3
  workload-job-12   Pending     (unscheduled)
  workload-job-13   Running     GPU-4
  workload-job-14   Running     GPU-0
  workload-job-15   Pending     (unscheduled)
  workload-job-16   Running     GPU-5
  workload-job-17   Pending     (unscheduled)

  SUMMARY: scheduled=15/18 (43/58 units)  denied=0  maxFreeCompute=7/10  totalFree=17/60 (28%)  util=71.7%  idleWaste=$2.95  costPerJob=$0.598  probeSucceeded=false  valid=true

=== LeastAllocated | load=90% | seed=5 ===
  Generated 17 jobs (target load 90%, total compute demand 57/60 units):
  NAME              UNITS  MEM(GB)  TYPE               DURATION(s)
  workload-job-0    5      13       batch-tolerant     887
  workload-job-1    5      21       latency-sensitive  2105
  workload-job-2    1      4        batch-tolerant     788
  workload-job-3    5      18       latency-sensitive  177
  workload-job-4    5      12       batch-tolerant     2613
  workload-job-5    3      8        batch-tolerant     147
  workload-job-6    1      4        batch-tolerant     120
  workload-job-7    3      6        latency-sensitive  187
  workload-job-8    1      3        batch-tolerant     1855
  workload-job-9    3      6        latency-sensitive  338
  workload-job-10   5      13       latency-sensitive  162
  workload-job-11   1      5        batch-tolerant     169
  workload-job-12   2      7        batch-tolerant     1785
  workload-job-13   6      13       batch-tolerant     3049
  workload-job-14   1      3        batch-tolerant     56
  workload-job-15   4      13       batch-tolerant     1543
  workload-job-16   6      18       batch-tolerant     2913
  Outcomes:
  NAME              STATUS      GPU
  workload-job-0    Running     GPU-0
  workload-job-1    Running     GPU-1
  workload-job-2    Running     GPU-2
  workload-job-3    Running     GPU-3
  workload-job-4    Running     GPU-2
  workload-job-5    Running     GPU-4
  workload-job-6    Running     GPU-5
  workload-job-7    Running     GPU-0
  workload-job-8    Running     GPU-5
  workload-job-9    Running     GPU-1
  workload-job-10   Running     GPU-3
  workload-job-11   Running     GPU-5
  workload-job-12   Running     GPU-0
  workload-job-13   Pending     (unscheduled)
  workload-job-14   Running     GPU-4
  workload-job-15   Running     GPU-2
  workload-job-16   Pending     (unscheduled)

  SUMMARY: scheduled=15/17 (45/57 units)  denied=0  maxFreeCompute=7/10  totalFree=15/60 (25%)  util=75.0%  idleWaste=$2.60  costPerJob=$0.593  probeSucceeded=false  valid=true

=== LeastAllocated | load=90% | seed=6 ===
  Generated 14 jobs (target load 90%, total compute demand 54/60 units):
  NAME              UNITS  MEM(GB)  TYPE               DURATION(s)
  workload-job-0    3      12       latency-sensitive  1629
  workload-job-1    1      1        batch-tolerant     1476
  workload-job-2    6      24       latency-sensitive  2187
  workload-job-3    3      5        batch-tolerant     48
  workload-job-4    1      1        latency-sensitive  918
  workload-job-5    5      19       batch-tolerant     1348
  workload-job-6    4      7        batch-tolerant     1109
  workload-job-7    3      8        latency-sensitive  35
  workload-job-8    1      1        batch-tolerant     1803
  workload-job-9    4      15       latency-sensitive  1001
  workload-job-10   5      20       batch-tolerant     63
  workload-job-11   6      17       batch-tolerant     849
  workload-job-12   6      16       batch-tolerant     246
  workload-job-13   6      22       latency-sensitive  2316
  Outcomes:
  NAME              STATUS      GPU
  workload-job-0    Running     GPU-1
  workload-job-1    Running     GPU-0
  workload-job-2    Running     GPU-0
  workload-job-3    Running     GPU-2
  workload-job-4    Running     GPU-3
  workload-job-5    Running     GPU-3
  workload-job-6    Running     GPU-4
  workload-job-7    Running     GPU-1
  workload-job-8    Running     GPU-5
  workload-job-9    Running     GPU-2
  workload-job-10   Pending     (unscheduled)
  workload-job-11   Pending     (unscheduled)
  workload-job-12   Pending     (unscheduled)
  workload-job-13   Pending     (unscheduled)

  SUMMARY: scheduled=10/14 (31/54 units)  denied=0  maxFreeCompute=9/10  totalFree=29/60 (48%)  util=51.7%  idleWaste=$5.03  costPerJob=$0.620  probeSucceeded=false  valid=true

=== LeastAllocated | load=90% | seed=7 ===
  Generated 15 jobs (target load 90%, total compute demand 57/60 units):
  NAME              UNITS  MEM(GB)  TYPE               DURATION(s)
  workload-job-0    7      15       latency-sensitive  131
  workload-job-1    2      5        batch-tolerant     255
  workload-job-2    3      9        latency-sensitive  64
  workload-job-3    1      2        latency-sensitive  224
  workload-job-4    5      11       latency-sensitive  1872
  workload-job-5    2      4        batch-tolerant     2837
  workload-job-6    2      6        batch-tolerant     1666
  workload-job-7    3      6        batch-tolerant     158
  workload-job-8    3      12       latency-sensitive  104
  workload-job-9    3      14       batch-tolerant     213
  workload-job-10   2      7        batch-tolerant     1178
  workload-job-11   2      6        batch-tolerant     298
  workload-job-12   8      32       latency-sensitive  2107
  workload-job-13   5      13       batch-tolerant     3105
  workload-job-14   9      37       latency-sensitive  2086
  Outcomes:
  NAME              STATUS      GPU
  workload-job-0    Running     GPU-0
  workload-job-1    Running     GPU-1
  workload-job-2    Running     GPU-2
  workload-job-3    Running     GPU-3
  workload-job-4    Running     GPU-1
  workload-job-5    Running     GPU-3
  workload-job-6    Running     GPU-5
  workload-job-7    Running     GPU-4
  workload-job-8    Running     GPU-3
  workload-job-9    Running     GPU-2
  workload-job-10   Running     GPU-0
  workload-job-11   Running     GPU-5
  workload-job-12   Pending     (unscheduled)
  workload-job-13   Pending     (unscheduled)
  workload-job-14   Pending     (unscheduled)

  SUMMARY: scheduled=12/15 (35/57 units)  denied=0  maxFreeCompute=7/10  totalFree=25/60 (42%)  util=58.3%  idleWaste=$4.33  costPerJob=$0.591  probeSucceeded=false  valid=true

=== LeastAllocated | load=90% | seed=8 ===
  Generated 20 jobs (target load 90%, total compute demand 54/60 units):
  NAME              UNITS  MEM(GB)  TYPE               DURATION(s)
  workload-job-0    1      3        latency-sensitive  72
  workload-job-1    3      7        batch-tolerant     91
  workload-job-2    1      2        latency-sensitive  350
  workload-job-3    3      12       batch-tolerant     406
  workload-job-4    3      10       latency-sensitive  1841
  workload-job-5    3      12       batch-tolerant     891
  workload-job-6    6      11       latency-sensitive  1846
  workload-job-7    3      12       latency-sensitive  1059
  workload-job-8    2      6        latency-sensitive  65
  workload-job-9    2      8        batch-tolerant     55
  workload-job-10   3      7        batch-tolerant     1733
  workload-job-11   1      4        batch-tolerant     2079
  workload-job-12   3      11       batch-tolerant     288
  workload-job-13   5      20       batch-tolerant     1531
  workload-job-14   4      7        batch-tolerant     247
  workload-job-15   2      5        batch-tolerant     3120
  workload-job-16   1      6        batch-tolerant     103
  workload-job-17   1      1        batch-tolerant     130
  workload-job-18   4      18       latency-sensitive  2614
  workload-job-19   3      13       latency-sensitive  162
  Outcomes:
  NAME              STATUS      GPU
  workload-job-0    Running     GPU-0
  workload-job-1    Running     GPU-1
  workload-job-2    Running     GPU-2
  workload-job-3    Running     GPU-3
  workload-job-4    Running     GPU-0
  workload-job-5    Running     GPU-2
  workload-job-6    Running     GPU-1
  workload-job-7    Running     GPU-0
  workload-job-8    Running     GPU-3
  workload-job-9    Running     GPU-5
  workload-job-10   Running     GPU-4
  workload-job-11   Running     GPU-2
  workload-job-12   Running     GPU-0
  workload-job-13   Running     GPU-2
  workload-job-14   Running     GPU-5
  workload-job-15   Running     GPU-4
  workload-job-16   Running     GPU-3
  workload-job-17   Running     GPU-1
  workload-job-18   Pending     (unscheduled)
  workload-job-19   Running     GPU-3

  SUMMARY: scheduled=19/20 (50/54 units)  denied=0  maxFreeCompute=5/10  totalFree=10/60 (17%)  util=83.3%  idleWaste=$1.73  costPerJob=$0.506  probeSucceeded=false  valid=true

=== LeastAllocated | load=90% | seed=9 ===
  Generated 14 jobs (target load 90%, total compute demand 55/60 units):
  NAME              UNITS  MEM(GB)  TYPE               DURATION(s)
  workload-job-0    2      8        batch-tolerant     772
  workload-job-1    6      24       batch-tolerant     243
  workload-job-2    6      24       batch-tolerant     210
  workload-job-3    7      21       latency-sensitive  545
  workload-job-4    4      8        latency-sensitive  2195
  workload-job-5    1      3        latency-sensitive  2106
  workload-job-6    3      9        latency-sensitive  186
  workload-job-7    3      6        batch-tolerant     1695
  workload-job-8    2      7        latency-sensitive  735
  workload-job-9    6      19       latency-sensitive  675
  workload-job-10   2      6        batch-tolerant     394
  workload-job-11   3      11       batch-tolerant     291
  workload-job-12   2      8        latency-sensitive  74
  workload-job-13   8      26       latency-sensitive  1740
  Outcomes:
  NAME              STATUS      GPU
  workload-job-0    Running     GPU-0
  workload-job-1    Running     GPU-1
  workload-job-2    Running     GPU-2
  workload-job-3    Running     GPU-3
  workload-job-4    Running     GPU-0
  workload-job-5    Running     GPU-0
  workload-job-6    Running     GPU-1
  workload-job-7    Running     GPU-4
  workload-job-8    Running     GPU-0
  workload-job-9    Pending     (unscheduled)
  workload-job-10   Running     GPU-5
  workload-job-11   Running     GPU-2
  workload-job-12   Running     GPU-3
  workload-job-13   Pending     (unscheduled)

  SUMMARY: scheduled=12/14 (41/55 units)  denied=0  maxFreeCompute=8/10  totalFree=19/60 (32%)  util=68.3%  idleWaste=$3.29  costPerJob=$0.704  probeSucceeded=false  valid=true

=== LeastAllocated | load=90% | seed=10 ===
  Generated 15 jobs (target load 90%, total compute demand 56/60 units):
  NAME              UNITS  MEM(GB)  TYPE               DURATION(s)
  workload-job-0    2      8        batch-tolerant     2540
  workload-job-1    6      11       batch-tolerant     3112
  workload-job-2    7      29       batch-tolerant     3427
  workload-job-3    4      12       latency-sensitive  1397
  workload-job-4    1      3        latency-sensitive  172
  workload-job-5    5      13       batch-tolerant     1284
  workload-job-6    3      13       latency-sensitive  56
  workload-job-7    8      25       batch-tolerant     198
  workload-job-8    4      8        batch-tolerant     3055
  workload-job-9    2      5        latency-sensitive  2901
  workload-job-10   3      11       latency-sensitive  2777
  workload-job-11   2      9        batch-tolerant     42
  workload-job-12   4      8        batch-tolerant     219
  workload-job-13   2      9        batch-tolerant     3346
  workload-job-14   3      7        batch-tolerant     1279
  Outcomes:
  NAME              STATUS      GPU
  workload-job-0    Running     GPU-0
  workload-job-1    Running     GPU-1
  workload-job-2    Running     GPU-0
  workload-job-3    Running     GPU-2
  workload-job-4    Running     GPU-3
  workload-job-5    Running     GPU-3
  workload-job-6    Running     GPU-1
  workload-job-7    Pending     (unscheduled)
  workload-job-8    Running     GPU-5
  workload-job-9    Running     GPU-2
  workload-job-10   Running     GPU-3
  workload-job-11   Running     GPU-4
  workload-job-12   Running     GPU-2
  workload-job-13   Pending     (unscheduled)
  workload-job-14   Running     GPU-4

  SUMMARY: scheduled=13/15 (46/56 units)  denied=0  maxFreeCompute=6/10  totalFree=14/60 (23%)  util=76.7%  idleWaste=$2.43  costPerJob=$0.683  probeSucceeded=false  valid=true

=== LeastAllocated | load=110% | seed=1 ===
  Generated 22 jobs (target load 110%, total compute demand 72/60 units):
  NAME              UNITS  MEM(GB)  TYPE               DURATION(s)
  workload-job-0    4      18       batch-tolerant     1826
  workload-job-1    2      6        latency-sensitive  150
  workload-job-2    3      4        latency-sensitive  173
  workload-job-3    3      9        batch-tolerant     989
  workload-job-4    4      13       batch-tolerant     430
  workload-job-5    1      1        batch-tolerant     106
  workload-job-6    1      3        batch-tolerant     62
  workload-job-7    1      5        batch-tolerant     506
  workload-job-8    1      1        latency-sensitive  2506
  workload-job-9    5      19       latency-sensitive  447
  workload-job-10   1      5        batch-tolerant     2678
  workload-job-11   2      9        batch-tolerant     109
  workload-job-12   5      21       batch-tolerant     579
  workload-job-13   1      1        batch-tolerant     2944
  workload-job-14   3      5        batch-tolerant     1188
  workload-job-15   5      13       batch-tolerant     854
  workload-job-16   3      6        batch-tolerant     472
  workload-job-17   6      17       latency-sensitive  123
  workload-job-18   2      5        latency-sensitive  126
  workload-job-19   7      22       batch-tolerant     189
  workload-job-20   3      9        batch-tolerant     246
  workload-job-21   9      34       batch-tolerant     126
  Outcomes:
  NAME              STATUS      GPU
  workload-job-0    Running     GPU-1
  workload-job-1    Running     GPU-0
  workload-job-2    Running     GPU-2
  workload-job-3    Running     GPU-3
  workload-job-4    Running     GPU-0
  workload-job-5    Running     GPU-5
  workload-job-6    Running     GPU-4
  workload-job-7    Running     GPU-5
  workload-job-8    Running     GPU-2
  workload-job-9    Running     GPU-1
  workload-job-10   Running     GPU-4
  workload-job-11   Running     GPU-2
  workload-job-12   Running     GPU-3
  workload-job-13   Running     GPU-5
  workload-job-14   Running     GPU-0
  workload-job-15   Pending     (unscheduled)
  workload-job-16   Running     GPU-4
  workload-job-17   Pending     (unscheduled)
  workload-job-18   Running     GPU-2
  workload-job-19   Pending     (unscheduled)
  workload-job-20   Running     GPU-5
  workload-job-21   Pending     (unscheduled)

  SUMMARY: scheduled=18/22 (45/72 units)  denied=0  maxFreeCompute=5/10  totalFree=15/60 (25%)  util=75.0%  idleWaste=$2.60  costPerJob=$0.476  probeSucceeded=false  valid=true

=== LeastAllocated | load=110% | seed=2 ===
  Generated 24 jobs (target load 110%, total compute demand 72/60 units):
  NAME              UNITS  MEM(GB)  TYPE               DURATION(s)
  workload-job-0    1      1        latency-sensitive  1031
  workload-job-1    2      2        latency-sensitive  81
  workload-job-2    6      20       batch-tolerant     2367
  workload-job-3    3      11       latency-sensitive  676
  workload-job-4    2      2        batch-tolerant     291
  workload-job-5    6      17       batch-tolerant     177
  workload-job-6    2      9        batch-tolerant     206
  workload-job-7    2      6        batch-tolerant     1294
  workload-job-8    1      1        batch-tolerant     997
  workload-job-9    3      11       batch-tolerant     1179
  workload-job-10   2      8        latency-sensitive  288
  workload-job-11   2      7        latency-sensitive  1476
  workload-job-12   1      5        batch-tolerant     49
  workload-job-13   2      8        batch-tolerant     328
  workload-job-14   1      2        latency-sensitive  141
  workload-job-15   6      12       latency-sensitive  1478
  workload-job-16   4      10       batch-tolerant     1894
  workload-job-17   1      2        latency-sensitive  174
  workload-job-18   4      17       batch-tolerant     2725
  workload-job-19   2      7        batch-tolerant     1848
  workload-job-20   3      7        batch-tolerant     207
  workload-job-21   3      14       batch-tolerant     1593
  workload-job-22   6      26       batch-tolerant     122
  workload-job-23   7      26       batch-tolerant     1092
  Outcomes:
  NAME              STATUS      GPU
  workload-job-0    Running     GPU-1
  workload-job-1    Running     GPU-0
  workload-job-2    Running     GPU-1
  workload-job-3    Running     GPU-2
  workload-job-4    Running     GPU-3
  workload-job-5    Running     GPU-0
  workload-job-6    Running     GPU-3
  workload-job-7    Running     GPU-4
  workload-job-8    Running     GPU-5
  workload-job-9    Running     GPU-2
  workload-job-10   Running     GPU-3
  workload-job-11   Running     GPU-1
  workload-job-12   Running     GPU-5
  workload-job-13   Running     GPU-5
  workload-job-14   Running     GPU-0
  workload-job-15   Pending     (unscheduled)
  workload-job-16   Running     GPU-4
  workload-job-17   Running     GPU-3
  workload-job-18   Running     GPU-2
  workload-job-19   Running     GPU-3
  workload-job-20   Pending     (unscheduled)
  workload-job-21   Pending     (unscheduled)
  workload-job-22   Pending     (unscheduled)
  workload-job-23   Pending     (unscheduled)

  SUMMARY: scheduled=19/24 (47/72 units)  denied=0  maxFreeCompute=6/10  totalFree=13/60 (22%)  util=78.3%  idleWaste=$2.25  costPerJob=$0.471  probeSucceeded=false  valid=true

=== LeastAllocated | load=110% | seed=3 ===
  Generated 13 jobs (target load 110%, total compute demand 66/60 units):
  NAME              UNITS  MEM(GB)  TYPE               DURATION(s)
  workload-job-0    6      10       latency-sensitive  143
  workload-job-1    1      1        latency-sensitive  1928
  workload-job-2    9      19       batch-tolerant     92
  workload-job-3    9      26       batch-tolerant     855
  workload-job-4    5      20       batch-tolerant     753
  workload-job-5    8      31       latency-sensitive  226
  workload-job-6    3      6        batch-tolerant     3314
  workload-job-7    3      8        latency-sensitive  127
  workload-job-8    6      19       latency-sensitive  288
  workload-job-9    1      5        batch-tolerant     219
  workload-job-10   2      6        batch-tolerant     245
  workload-job-11   6      16       latency-sensitive  71
  workload-job-12   7      21       latency-sensitive  2778
  Outcomes:
  NAME              STATUS      GPU
  workload-job-0    Running     GPU-1
  workload-job-1    Running     GPU-0
  workload-job-2    Running     GPU-0
  workload-job-3    Running     GPU-2
  workload-job-4    Running     GPU-3
  workload-job-5    Pending     (unscheduled)
  workload-job-6    Running     GPU-5
  workload-job-7    Running     GPU-1
  workload-job-8    Pending     (unscheduled)
  workload-job-9    Running     GPU-4
  workload-job-10   Running     GPU-4
  workload-job-11   Pending     (unscheduled)
  workload-job-12   Pending     (unscheduled)

  SUMMARY: scheduled=9/13 (39/66 units)  denied=0  maxFreeCompute=7/10  totalFree=21/60 (35%)  util=65.0%  idleWaste=$3.64  costPerJob=$0.913  probeSucceeded=false  valid=true

=== LeastAllocated | load=110% | seed=4 ===
  Generated 20 jobs (target load 110%, total compute demand 67/60 units):
  NAME              UNITS  MEM(GB)  TYPE               DURATION(s)
  workload-job-0    2      4        batch-tolerant     248
  workload-job-1    2      4        latency-sensitive  237
  workload-job-2    2      7        batch-tolerant     189
  workload-job-3    5      14       latency-sensitive  108
  workload-job-4    2      7        batch-tolerant     1840
  workload-job-5    2      5        batch-tolerant     171
  workload-job-6    3      10       latency-sensitive  170
  workload-job-7    1      2        batch-tolerant     2755
  workload-job-8    7      16       batch-tolerant     102
  workload-job-9    5      9        batch-tolerant     125
  workload-job-10   5      8        latency-sensitive  2284
  workload-job-11   3      7        latency-sensitive  3173
  workload-job-12   5      8        latency-sensitive  258
  workload-job-13   2      4        batch-tolerant     1331
  workload-job-14   1      2        latency-sensitive  3497
  workload-job-15   4      12       latency-sensitive  2763
  workload-job-16   1      1        batch-tolerant     1231
  workload-job-17   6      24       latency-sensitive  131
  workload-job-18   3      6        latency-sensitive  3496
  workload-job-19   6      24       latency-sensitive  2931
  Outcomes:
  NAME              STATUS      GPU
  workload-job-0    Running     GPU-1
  workload-job-1    Running     GPU-0
  workload-job-2    Running     GPU-2
  workload-job-3    Running     GPU-3
  workload-job-4    Running     GPU-0
  workload-job-5    Running     GPU-4
  workload-job-6    Running     GPU-1
  workload-job-7    Running     GPU-5
  workload-job-8    Running     GPU-2
  workload-job-9    Running     GPU-0
  workload-job-10   Running     GPU-1
  workload-job-11   Running     GPU-3
  workload-job-12   Pending     (unscheduled)
  workload-job-13   Running     GPU-5
  workload-job-14   Running     GPU-0
  workload-job-15   Pending     (unscheduled)
  workload-job-16   Running     GPU-4
  workload-job-17   Pending     (unscheduled)
  workload-job-18   Pending     (unscheduled)
  workload-job-19   Pending     (unscheduled)

  SUMMARY: scheduled=15/20 (43/67 units)  denied=0  maxFreeCompute=7/10  totalFree=17/60 (28%)  util=71.7%  idleWaste=$2.95  costPerJob=$0.598  probeSucceeded=false  valid=true

=== LeastAllocated | load=110% | seed=5 ===
  Generated 20 jobs (target load 110%, total compute demand 68/60 units):
  NAME              UNITS  MEM(GB)  TYPE               DURATION(s)
  workload-job-0    5      13       batch-tolerant     887
  workload-job-1    5      21       latency-sensitive  2105
  workload-job-2    1      4        batch-tolerant     788
  workload-job-3    5      18       latency-sensitive  177
  workload-job-4    5      12       batch-tolerant     2613
  workload-job-5    3      8        batch-tolerant     147
  workload-job-6    1      4        batch-tolerant     120
  workload-job-7    3      6        latency-sensitive  187
  workload-job-8    1      3        batch-tolerant     1855
  workload-job-9    3      6        latency-sensitive  338
  workload-job-10   5      13       latency-sensitive  162
  workload-job-11   1      5        batch-tolerant     169
  workload-job-12   2      7        batch-tolerant     1785
  workload-job-13   6      13       batch-tolerant     3049
  workload-job-14   1      3        batch-tolerant     56
  workload-job-15   4      13       batch-tolerant     1543
  workload-job-16   6      18       batch-tolerant     2913
  workload-job-17   2      6        latency-sensitive  240
  workload-job-18   6      26       batch-tolerant     231
  workload-job-19   3      11       batch-tolerant     811
  Outcomes:
  NAME              STATUS      GPU
  workload-job-0    Running     GPU-0
  workload-job-1    Running     GPU-1
  workload-job-2    Running     GPU-2
  workload-job-3    Running     GPU-3
  workload-job-4    Running     GPU-2
  workload-job-5    Running     GPU-5
  workload-job-6    Running     GPU-4
  workload-job-7    Running     GPU-0
  workload-job-8    Running     GPU-4
  workload-job-9    Running     GPU-1
  workload-job-10   Running     GPU-3
  workload-job-11   Running     GPU-4
  workload-job-12   Running     GPU-0
  workload-job-13   Pending     (unscheduled)
  workload-job-14   Running     GPU-5
  workload-job-15   Running     GPU-2
  workload-job-16   Pending     (unscheduled)
  workload-job-17   Running     GPU-1
  workload-job-18   Pending     (unscheduled)
  workload-job-19   Pending     (unscheduled)

  SUMMARY: scheduled=16/20 (47/68 units)  denied=0  maxFreeCompute=7/10  totalFree=13/60 (22%)  util=78.3%  idleWaste=$2.25  costPerJob=$0.593  probeSucceeded=false  valid=true

=== LeastAllocated | load=110% | seed=6 ===
  Generated 17 jobs (target load 110%, total compute demand 67/60 units):
  NAME              UNITS  MEM(GB)  TYPE               DURATION(s)
  workload-job-0    3      12       latency-sensitive  1629
  workload-job-1    1      1        batch-tolerant     1476
  workload-job-2    6      24       latency-sensitive  2187
  workload-job-3    3      5        batch-tolerant     48
  workload-job-4    1      1        latency-sensitive  918
  workload-job-5    5      19       batch-tolerant     1348
  workload-job-6    4      7        batch-tolerant     1109
  workload-job-7    3      8        latency-sensitive  35
  workload-job-8    1      1        batch-tolerant     1803
  workload-job-9    4      15       latency-sensitive  1001
  workload-job-10   5      20       batch-tolerant     63
  workload-job-11   6      17       batch-tolerant     849
  workload-job-12   6      16       batch-tolerant     246
  workload-job-13   6      22       latency-sensitive  2316
  workload-job-14   5      17       latency-sensitive  1718
  workload-job-15   5      18       batch-tolerant     484
  workload-job-16   3      10       latency-sensitive  2127
  Outcomes:
  NAME              STATUS      GPU
  workload-job-0    Running     GPU-1
  workload-job-1    Running     GPU-0
  workload-job-2    Running     GPU-0
  workload-job-3    Running     GPU-2
  workload-job-4    Running     GPU-3
  workload-job-5    Running     GPU-3
  workload-job-6    Running     GPU-4
  workload-job-7    Running     GPU-1
  workload-job-8    Running     GPU-5
  workload-job-9    Running     GPU-2
  workload-job-10   Pending     (unscheduled)
  workload-job-11   Pending     (unscheduled)
  workload-job-12   Pending     (unscheduled)
  workload-job-13   Pending     (unscheduled)
  workload-job-14   Pending     (unscheduled)
  workload-job-15   Pending     (unscheduled)
  workload-job-16   Running     GPU-1

  SUMMARY: scheduled=11/17 (34/67 units)  denied=0  maxFreeCompute=9/10  totalFree=26/60 (43%)  util=56.7%  idleWaste=$4.51  costPerJob=$0.645  probeSucceeded=false  valid=true

=== LeastAllocated | load=110% | seed=7 ===
  Generated 18 jobs (target load 110%, total compute demand 68/60 units):
  NAME              UNITS  MEM(GB)  TYPE               DURATION(s)
  workload-job-0    7      15       latency-sensitive  131
  workload-job-1    2      5        batch-tolerant     255
  workload-job-2    3      9        latency-sensitive  64
  workload-job-3    1      2        latency-sensitive  224
  workload-job-4    5      11       latency-sensitive  1872
  workload-job-5    2      4        batch-tolerant     2837
  workload-job-6    2      6        batch-tolerant     1666
  workload-job-7    3      6        batch-tolerant     158
  workload-job-8    3      12       latency-sensitive  104
  workload-job-9    3      14       batch-tolerant     213
  workload-job-10   2      7        batch-tolerant     1178
  workload-job-11   2      6        batch-tolerant     298
  workload-job-12   8      32       latency-sensitive  2107
  workload-job-13   5      13       batch-tolerant     3105
  workload-job-14   9      37       latency-sensitive  2086
  workload-job-15   4      14       batch-tolerant     250
  workload-job-16   2      8        batch-tolerant     184
  workload-job-17   5      22       latency-sensitive  853
  Outcomes:
  NAME              STATUS      GPU
  workload-job-0    Running     GPU-0
  workload-job-1    Running     GPU-1
  workload-job-2    Running     GPU-2
  workload-job-3    Running     GPU-3
  workload-job-4    Running     GPU-1
  workload-job-5    Running     GPU-3
  workload-job-6    Running     GPU-5
  workload-job-7    Running     GPU-4
  workload-job-8    Running     GPU-3
  workload-job-9    Running     GPU-2
  workload-job-10   Running     GPU-0
  workload-job-11   Running     GPU-5
  workload-job-12   Pending     (unscheduled)
  workload-job-13   Pending     (unscheduled)
  workload-job-14   Pending     (unscheduled)
  workload-job-15   Running     GPU-3
  workload-job-16   Running     GPU-1
  workload-job-17   Pending     (unscheduled)

  SUMMARY: scheduled=14/18 (41/68 units)  denied=0  maxFreeCompute=7/10  totalFree=19/60 (32%)  util=68.3%  idleWaste=$3.29  costPerJob=$0.592  probeSucceeded=false  valid=true

=== LeastAllocated | load=110% | seed=8 ===
  Generated 25 jobs (target load 110%, total compute demand 68/60 units):
  NAME              UNITS  MEM(GB)  TYPE               DURATION(s)
  workload-job-0    1      3        latency-sensitive  72
  workload-job-1    3      7        batch-tolerant     91
  workload-job-2    1      2        latency-sensitive  350
  workload-job-3    3      12       batch-tolerant     406
  workload-job-4    3      10       latency-sensitive  1841
  workload-job-5    3      12       batch-tolerant     891
  workload-job-6    6      11       latency-sensitive  1846
  workload-job-7    3      12       latency-sensitive  1059
  workload-job-8    2      6        latency-sensitive  65
  workload-job-9    2      8        batch-tolerant     55
  workload-job-10   3      7        batch-tolerant     1733
  workload-job-11   1      4        batch-tolerant     2079
  workload-job-12   3      11       batch-tolerant     288
  workload-job-13   5      20       batch-tolerant     1531
  workload-job-14   4      7        batch-tolerant     247
  workload-job-15   2      5        batch-tolerant     3120
  workload-job-16   1      6        batch-tolerant     103
  workload-job-17   1      1        batch-tolerant     130
  workload-job-18   4      18       latency-sensitive  2614
  workload-job-19   3      13       latency-sensitive  162
  workload-job-20   3      11       latency-sensitive  75
  workload-job-21   1      3        batch-tolerant     104
  workload-job-22   3      4        latency-sensitive  1493
  workload-job-23   1      1        batch-tolerant     42
  workload-job-24   6      11       batch-tolerant     299
  Outcomes:
  NAME              STATUS      GPU
  workload-job-0    Running     GPU-0
  workload-job-1    Running     GPU-1
  workload-job-2    Running     GPU-2
  workload-job-3    Running     GPU-3
  workload-job-4    Running     GPU-0
  workload-job-5    Running     GPU-2
  workload-job-6    Running     GPU-1
  workload-job-7    Running     GPU-0
  workload-job-8    Running     GPU-3
  workload-job-9    Running     GPU-4
  workload-job-10   Running     GPU-5
  workload-job-11   Running     GPU-2
  workload-job-12   Running     GPU-0
  workload-job-13   Running     GPU-2
  workload-job-14   Running     GPU-3
  workload-job-15   Running     GPU-4
  workload-job-16   Running     GPU-5
  workload-job-17   Running     GPU-1
  workload-job-18   Pending     (unscheduled)
  workload-job-19   Pending     (unscheduled)
  workload-job-20   Pending     (unscheduled)
  workload-job-21   Running     GPU-4
  workload-job-22   Pending     (unscheduled)
  workload-job-23   Running     GPU-5
  workload-job-24   Pending     (unscheduled)

  SUMMARY: scheduled=20/25 (49/68 units)  denied=0  maxFreeCompute=5/10  totalFree=11/60 (18%)  util=81.7%  idleWaste=$1.91  costPerJob=$0.477  probeSucceeded=false  valid=true

=== LeastAllocated | load=110% | seed=9 ===
  Generated 17 jobs (target load 110%, total compute demand 68/60 units):
  NAME              UNITS  MEM(GB)  TYPE               DURATION(s)
  workload-job-0    2      8        batch-tolerant     772
  workload-job-1    6      24       batch-tolerant     243
  workload-job-2    6      24       batch-tolerant     210
  workload-job-3    7      21       latency-sensitive  545
  workload-job-4    4      8        latency-sensitive  2195
  workload-job-5    1      3        latency-sensitive  2106
  workload-job-6    3      9        latency-sensitive  186
  workload-job-7    3      6        batch-tolerant     1695
  workload-job-8    2      7        latency-sensitive  735
  workload-job-9    6      19       latency-sensitive  675
  workload-job-10   2      6        batch-tolerant     394
  workload-job-11   3      11       batch-tolerant     291
  workload-job-12   2      8        latency-sensitive  74
  workload-job-13   8      26       latency-sensitive  1740
  workload-job-14   7      19       latency-sensitive  72
  workload-job-15   2      2        batch-tolerant     1820
  workload-job-16   4      17       latency-sensitive  112
  Outcomes:
  NAME              STATUS      GPU
  workload-job-0    Running     GPU-0
  workload-job-1    Running     GPU-1
  workload-job-2    Running     GPU-2
  workload-job-3    Running     GPU-3
  workload-job-4    Running     GPU-0
  workload-job-5    Running     GPU-0
  workload-job-6    Running     GPU-1
  workload-job-7    Running     GPU-5
  workload-job-8    Running     GPU-0
  workload-job-9    Pending     (unscheduled)
  workload-job-10   Running     GPU-4
  workload-job-11   Running     GPU-2
  workload-job-12   Running     GPU-3
  workload-job-13   Pending     (unscheduled)
  workload-job-14   Pending     (unscheduled)
  workload-job-15   Running     GPU-4
  workload-job-16   Pending     (unscheduled)

  SUMMARY: scheduled=13/17 (43/68 units)  denied=0  maxFreeCompute=7/10  totalFree=17/60 (28%)  util=71.7%  idleWaste=$2.95  costPerJob=$0.661  probeSucceeded=false  valid=true

=== LeastAllocated | load=110% | seed=10 ===
  Generated 18 jobs (target load 110%, total compute demand 67/60 units):
  NAME              UNITS  MEM(GB)  TYPE               DURATION(s)
  workload-job-0    2      8        batch-tolerant     2540
  workload-job-1    6      11       batch-tolerant     3112
  workload-job-2    7      29       batch-tolerant     3427
  workload-job-3    4      12       latency-sensitive  1397
  workload-job-4    1      3        latency-sensitive  172
  workload-job-5    5      13       batch-tolerant     1284
  workload-job-6    3      13       latency-sensitive  56
  workload-job-7    8      25       batch-tolerant     198
  workload-job-8    4      8        batch-tolerant     3055
  workload-job-9    2      5        latency-sensitive  2901
  workload-job-10   3      11       latency-sensitive  2777
  workload-job-11   2      9        batch-tolerant     42
  workload-job-12   4      8        batch-tolerant     219
  workload-job-13   2      9        batch-tolerant     3346
  workload-job-14   3      7        batch-tolerant     1279
  workload-job-15   3      5        latency-sensitive  717
  workload-job-16   2      5        latency-sensitive  44
  workload-job-17   6      23       latency-sensitive  1310
  Outcomes:
  NAME              STATUS      GPU
  workload-job-0    Running     GPU-0
  workload-job-1    Running     GPU-1
  workload-job-2    Running     GPU-0
  workload-job-3    Running     GPU-2
  workload-job-4    Running     GPU-3
  workload-job-5    Running     GPU-3
  workload-job-6    Running     GPU-1
  workload-job-7    Pending     (unscheduled)
  workload-job-8    Running     GPU-5
  workload-job-9    Running     GPU-2
  workload-job-10   Running     GPU-3
  workload-job-11   Running     GPU-4
  workload-job-12   Running     GPU-2
  workload-job-13   Pending     (unscheduled)
  workload-job-14   Running     GPU-4
  workload-job-15   Pending     (unscheduled)
  workload-job-16   Pending     (unscheduled)
  workload-job-17   Pending     (unscheduled)

  SUMMARY: scheduled=13/18 (46/67 units)  denied=0  maxFreeCompute=6/10  totalFree=14/60 (23%)  util=76.7%  idleWaste=$2.43  costPerJob=$0.683  probeSucceeded=false  valid=true

All runs complete.
=== Running MostAllocated (kind-gpu-scheduler-mostallocated) ===
Warning: Immediate deletion does not wait for confirmation that the running resource has been terminated. The resource may continue to run on the cluster indefinitely.
No resources found

=== MostAllocated | load=50% | seed=1 ===
  Generated 13 jobs (target load 50%, total compute demand 33/60 units):
  NAME              UNITS  MEM(GB)  TYPE               DURATION(s)
  workload-job-0    4      18       batch-tolerant     1826
  workload-job-1    2      6        latency-sensitive  150
  workload-job-2    3      4        latency-sensitive  173
  workload-job-3    3      9        batch-tolerant     989
  workload-job-4    4      13       batch-tolerant     430
  workload-job-5    1      1        batch-tolerant     106
  workload-job-6    1      3        batch-tolerant     62
  workload-job-7    1      5        batch-tolerant     506
  workload-job-8    1      1        latency-sensitive  2506
  workload-job-9    5      19       latency-sensitive  447
  workload-job-10   1      5        batch-tolerant     2678
  workload-job-11   2      9        batch-tolerant     109
  workload-job-12   5      21       batch-tolerant     579
  Outcomes:
  NAME              STATUS      GPU
  workload-job-0    Running     GPU-2
  workload-job-1    Running     GPU-2
  workload-job-2    Running     GPU-2
  workload-job-3    Running     GPU-4
  workload-job-4    Running     GPU-5
  workload-job-5    Running     GPU-2
  workload-job-6    Running     GPU-5
  workload-job-7    Running     GPU-4
  workload-job-8    Running     GPU-3
  workload-job-9    Running     GPU-3
  workload-job-10   Running     GPU-3
  workload-job-11   Running     GPU-3
  workload-job-12   Running     GPU-0

  SUMMARY: scheduled=13/13 (33/33 units)  denied=0  maxFreeCompute=10/10  totalFree=27/60 (45%)  util=55.0%  idleWaste=$4.68  costPerJob=$0.383  probeSucceeded=true  valid=true

=== MostAllocated | load=50% | seed=2 ===
  Generated 11 jobs (target load 50%, total compute demand 30/60 units):
  NAME              UNITS  MEM(GB)  TYPE               DURATION(s)
  workload-job-0    1      1        latency-sensitive  1031
  workload-job-1    2      2        latency-sensitive  81
  workload-job-2    6      20       batch-tolerant     2367
  workload-job-3    3      11       latency-sensitive  676
  workload-job-4    2      2        batch-tolerant     291
  workload-job-5    6      17       batch-tolerant     177
  workload-job-6    2      9        batch-tolerant     206
  workload-job-7    2      6        batch-tolerant     1294
  workload-job-8    1      1        batch-tolerant     997
  workload-job-9    3      11       batch-tolerant     1179
  workload-job-10   2      8        latency-sensitive  288
  Outcomes:
  NAME              STATUS      GPU
  workload-job-0    Running     GPU-3
  workload-job-1    Running     GPU-3
  workload-job-2    Running     GPU-3
  workload-job-3    Running     GPU-2
  workload-job-4    Running     GPU-2
  workload-job-5    Running     GPU-0
  workload-job-6    Running     GPU-2
  workload-job-7    Running     GPU-2
  workload-job-8    Running     GPU-2
  workload-job-9    Running     GPU-0
  workload-job-10   Running     GPU-1

  SUMMARY: scheduled=11/11 (30/30 units)  denied=0  maxFreeCompute=10/10  totalFree=30/60 (50%)  util=50.0%  idleWaste=$5.20  costPerJob=$0.559  probeSucceeded=true  valid=true

=== MostAllocated | load=50% | seed=3 ===
  Generated 5 jobs (target load 50%, total compute demand 30/60 units):
  NAME              UNITS  MEM(GB)  TYPE               DURATION(s)
  workload-job-0    6      10       latency-sensitive  143
  workload-job-1    1      1        latency-sensitive  1928
  workload-job-2    9      19       batch-tolerant     92
  workload-job-3    9      26       batch-tolerant     855
  workload-job-4    5      20       batch-tolerant     753
  Outcomes:
  NAME              STATUS      GPU
  workload-job-0    Running     GPU-2
  workload-job-1    Running     GPU-2
  workload-job-2    Running     GPU-3
  workload-job-3    Running     GPU-0
  workload-job-4    Running     GPU-1

  SUMMARY: scheduled=5/5 (30/30 units)  denied=0  maxFreeCompute=10/10  totalFree=30/60 (50%)  util=50.0%  idleWaste=$5.20  costPerJob=$1.320  probeSucceeded=true  valid=true

=== MostAllocated | load=50% | seed=4 ===
  Generated 10 jobs (target load 50%, total compute demand 31/60 units):
  NAME              UNITS  MEM(GB)  TYPE               DURATION(s)
  workload-job-0    2      4        batch-tolerant     248
  workload-job-1    2      4        latency-sensitive  237
  workload-job-2    2      7        batch-tolerant     189
  workload-job-3    5      14       latency-sensitive  108
  workload-job-4    2      7        batch-tolerant     1840
  workload-job-5    2      5        batch-tolerant     171
  workload-job-6    3      10       latency-sensitive  170
  workload-job-7    1      2        batch-tolerant     2755
  workload-job-8    7      16       batch-tolerant     102
  workload-job-9    5      9        batch-tolerant     125
  Outcomes:
  NAME              STATUS      GPU
  workload-job-0    Running     GPU-5
  workload-job-1    Running     GPU-2
  workload-job-2    Running     GPU-5
  workload-job-3    Running     GPU-2
  workload-job-4    Running     GPU-2
  workload-job-5    Running     GPU-5
  workload-job-6    Running     GPU-3
  workload-job-7    Running     GPU-2
  workload-job-8    Running     GPU-4
  workload-job-9    Running     GPU-3

  SUMMARY: scheduled=10/10 (31/31 units)  denied=0  maxFreeCompute=10/10  totalFree=29/60 (48%)  util=51.7%  idleWaste=$5.03  costPerJob=$0.361  probeSucceeded=true  valid=true

=== MostAllocated | load=50% | seed=5 ===
  Generated 10 jobs (target load 50%, total compute demand 32/60 units):
  NAME              UNITS  MEM(GB)  TYPE               DURATION(s)
  workload-job-0    5      13       batch-tolerant     887
  workload-job-1    5      21       latency-sensitive  2105
  workload-job-2    1      4        batch-tolerant     788
  workload-job-3    5      18       latency-sensitive  177
  workload-job-4    5      12       batch-tolerant     2613
  workload-job-5    3      8        batch-tolerant     147
  workload-job-6    1      4        batch-tolerant     120
  workload-job-7    3      6        latency-sensitive  187
  workload-job-8    1      3        batch-tolerant     1855
  workload-job-9    3      6        latency-sensitive  338
  Outcomes:
  NAME              STATUS      GPU
  workload-job-0    Running     GPU-4
  workload-job-1    Running     GPU-2
  workload-job-2    Running     GPU-2
  workload-job-3    Running     GPU-3
  workload-job-4    Running     GPU-3
  workload-job-5    Running     GPU-2
  workload-job-6    Running     GPU-2
  workload-job-7    Running     GPU-0
  workload-job-8    Running     GPU-4
  workload-job-9    Running     GPU-0

  SUMMARY: scheduled=10/10 (32/32 units)  denied=0  maxFreeCompute=10/10  totalFree=28/60 (47%)  util=53.3%  idleWaste=$4.85  costPerJob=$0.522  probeSucceeded=true  valid=true

=== MostAllocated | load=50% | seed=6 ===
  Generated 10 jobs (target load 50%, total compute demand 31/60 units):
  NAME              UNITS  MEM(GB)  TYPE               DURATION(s)
  workload-job-0    3      12       latency-sensitive  1629
  workload-job-1    1      1        batch-tolerant     1476
  workload-job-2    6      24       latency-sensitive  2187
  workload-job-3    3      5        batch-tolerant     48
  workload-job-4    1      1        latency-sensitive  918
  workload-job-5    5      19       batch-tolerant     1348
  workload-job-6    4      7        batch-tolerant     1109
  workload-job-7    3      8        latency-sensitive  35
  workload-job-8    1      1        batch-tolerant     1803
  workload-job-9    4      15       latency-sensitive  1001
  Outcomes:
  NAME              STATUS      GPU
  workload-job-0    Running     GPU-3
  workload-job-1    Running     GPU-3
  workload-job-2    Running     GPU-3
  workload-job-3    Running     GPU-4
  workload-job-4    Running     GPU-2
  workload-job-5    Running     GPU-2
  workload-job-6    Running     GPU-2
  workload-job-7    Running     GPU-0
  workload-job-8    Running     GPU-4
  workload-job-9    Running     GPU-0

  SUMMARY: scheduled=10/10 (31/31 units)  denied=0  maxFreeCompute=10/10  totalFree=29/60 (48%)  util=51.7%  idleWaste=$5.03  costPerJob=$0.538  probeSucceeded=true  valid=true

=== MostAllocated | load=50% | seed=7 ===
  Generated 10 jobs (target load 50%, total compute demand 31/60 units):
  NAME              UNITS  MEM(GB)  TYPE               DURATION(s)
  workload-job-0    7      15       latency-sensitive  131
  workload-job-1    2      5        batch-tolerant     255
  workload-job-2    3      9        latency-sensitive  64
  workload-job-3    1      2        latency-sensitive  224
  workload-job-4    5      11       latency-sensitive  1872
  workload-job-5    2      4        batch-tolerant     2837
  workload-job-6    2      6        batch-tolerant     1666
  workload-job-7    3      6        batch-tolerant     158
  workload-job-8    3      12       latency-sensitive  104
  workload-job-9    3      14       batch-tolerant     213
  Outcomes:
  NAME              STATUS      GPU
  workload-job-0    Running     GPU-2
  workload-job-1    Running     GPU-2
  workload-job-2    Running     GPU-3
  workload-job-3    Running     GPU-2
  workload-job-4    Running     GPU-3
  workload-job-5    Running     GPU-3
  workload-job-6    Running     GPU-4
  workload-job-7    Running     GPU-4
  workload-job-8    Running     GPU-0
  workload-job-9    Running     GPU-5

  SUMMARY: scheduled=10/10 (31/31 units)  denied=0  maxFreeCompute=10/10  totalFree=29/60 (48%)  util=51.7%  idleWaste=$5.03  costPerJob=$0.446  probeSucceeded=true  valid=true

=== MostAllocated | load=50% | seed=8 ===
  Generated 11 jobs (target load 50%, total compute demand 30/60 units):
  NAME              UNITS  MEM(GB)  TYPE               DURATION(s)
  workload-job-0    1      3        latency-sensitive  72
  workload-job-1    3      7        batch-tolerant     91
  workload-job-2    1      2        latency-sensitive  350
  workload-job-3    3      12       batch-tolerant     406
  workload-job-4    3      10       latency-sensitive  1841
  workload-job-5    3      12       batch-tolerant     891
  workload-job-6    6      11       latency-sensitive  1846
  workload-job-7    3      12       latency-sensitive  1059
  workload-job-8    2      6        latency-sensitive  65
  workload-job-9    2      8        batch-tolerant     55
  workload-job-10   3      7        batch-tolerant     1733
  Outcomes:
  NAME              STATUS      GPU
  workload-job-0    Running     GPU-3
  workload-job-1    Running     GPU-4
  workload-job-2    Running     GPU-3
  workload-job-3    Running     GPU-5
  workload-job-4    Running     GPU-3
  workload-job-5    Running     GPU-3
  workload-job-6    Running     GPU-2
  workload-job-7    Running     GPU-2
  workload-job-8    Running     GPU-3
  workload-job-9    Running     GPU-4
  workload-job-10   Running     GPU-0

  SUMMARY: scheduled=11/11 (30/30 units)  denied=0  maxFreeCompute=10/10  totalFree=30/60 (50%)  util=50.0%  idleWaste=$5.20  costPerJob=$0.392  probeSucceeded=true  valid=true

=== MostAllocated | load=50% | seed=9 ===
  Generated 8 jobs (target load 50%, total compute demand 32/60 units):
  NAME              UNITS  MEM(GB)  TYPE               DURATION(s)
  workload-job-0    2      8        batch-tolerant     772
  workload-job-1    6      24       batch-tolerant     243
  workload-job-2    6      24       batch-tolerant     210
  workload-job-3    7      21       latency-sensitive  545
  workload-job-4    4      8        latency-sensitive  2195
  workload-job-5    1      3        latency-sensitive  2106
  workload-job-6    3      9        latency-sensitive  186
  workload-job-7    3      6        batch-tolerant     1695
  Outcomes:
  NAME              STATUS      GPU
  workload-job-0    Running     GPU-4
  workload-job-1    Running     GPU-2
  workload-job-2    Running     GPU-3
  workload-job-3    Running     GPU-0
  workload-job-4    Running     GPU-2
  workload-job-5    Running     GPU-3
  workload-job-6    Running     GPU-3
  workload-job-7    Running     GPU-4

  SUMMARY: scheduled=8/8 (32/32 units)  denied=0  maxFreeCompute=10/10  totalFree=28/60 (47%)  util=53.3%  idleWaste=$4.85  costPerJob=$0.681  probeSucceeded=true  valid=true

=== MostAllocated | load=50% | seed=10 ===
  Generated 8 jobs (target load 50%, total compute demand 36/60 units):
  NAME              UNITS  MEM(GB)  TYPE               DURATION(s)
  workload-job-0    2      8        batch-tolerant     2540
  workload-job-1    6      11       batch-tolerant     3112
  workload-job-2    7      29       batch-tolerant     3427
  workload-job-3    4      12       latency-sensitive  1397
  workload-job-4    1      3        latency-sensitive  172
  workload-job-5    5      13       batch-tolerant     1284
  workload-job-6    3      13       latency-sensitive  56
  workload-job-7    8      25       batch-tolerant     198
  Outcomes:
  NAME              STATUS      GPU
  workload-job-0    Running     GPU-4
  workload-job-1    Running     GPU-5
  workload-job-2    Running     GPU-2
  workload-job-3    Running     GPU-3
  workload-job-4    Running     GPU-2
  workload-job-5    Running     GPU-3
  workload-job-6    Running     GPU-1
  workload-job-7    Running     GPU-0

  SUMMARY: scheduled=8/8 (36/36 units)  denied=0  maxFreeCompute=8/10  totalFree=24/60 (40%)  util=60.0%  idleWaste=$4.16  costPerJob=$0.801  probeSucceeded=false  valid=true

=== MostAllocated | load=75% | seed=1 ===
  Generated 17 jobs (target load 75%, total compute demand 45/60 units):
  NAME              UNITS  MEM(GB)  TYPE               DURATION(s)
  workload-job-0    4      18       batch-tolerant     1826
  workload-job-1    2      6        latency-sensitive  150
  workload-job-2    3      4        latency-sensitive  173
  workload-job-3    3      9        batch-tolerant     989
  workload-job-4    4      13       batch-tolerant     430
  workload-job-5    1      1        batch-tolerant     106
  workload-job-6    1      3        batch-tolerant     62
  workload-job-7    1      5        batch-tolerant     506
  workload-job-8    1      1        latency-sensitive  2506
  workload-job-9    5      19       latency-sensitive  447
  workload-job-10   1      5        batch-tolerant     2678
  workload-job-11   2      9        batch-tolerant     109
  workload-job-12   5      21       batch-tolerant     579
  workload-job-13   1      1        batch-tolerant     2944
  workload-job-14   3      5        batch-tolerant     1188
  workload-job-15   5      13       batch-tolerant     854
  workload-job-16   3      6        batch-tolerant     472
  Outcomes:
  NAME              STATUS      GPU
  workload-job-0    Running     GPU-3
  workload-job-1    Running     GPU-3
  workload-job-2    Running     GPU-3
  workload-job-3    Running     GPU-4
  workload-job-4    Running     GPU-5
  workload-job-5    Running     GPU-3
  workload-job-6    Running     GPU-5
  workload-job-7    Running     GPU-4
  workload-job-8    Running     GPU-2
  workload-job-9    Running     GPU-2
  workload-job-10   Running     GPU-2
  workload-job-11   Running     GPU-2
  workload-job-12   Running     GPU-0
  workload-job-13   Running     GPU-2
  workload-job-14   Running     GPU-0
  workload-job-15   Running     GPU-1
  workload-job-16   Running     GPU-1

  SUMMARY: scheduled=17/17 (45/45 units)  denied=0  maxFreeCompute=6/10  totalFree=15/60 (25%)  util=75.0%  idleWaste=$2.60  costPerJob=$0.496  probeSucceeded=false  valid=true

=== MostAllocated | load=75% | seed=2 ===
  Generated 17 jobs (target load 75%, total compute demand 46/60 units):
  NAME              UNITS  MEM(GB)  TYPE               DURATION(s)
  workload-job-0    1      1        latency-sensitive  1031
  workload-job-1    2      2        latency-sensitive  81
  workload-job-2    6      20       batch-tolerant     2367
  workload-job-3    3      11       latency-sensitive  676
  workload-job-4    2      2        batch-tolerant     291
  workload-job-5    6      17       batch-tolerant     177
  workload-job-6    2      9        batch-tolerant     206
  workload-job-7    2      6        batch-tolerant     1294
  workload-job-8    1      1        batch-tolerant     997
  workload-job-9    3      11       batch-tolerant     1179
  workload-job-10   2      8        latency-sensitive  288
  workload-job-11   2      7        latency-sensitive  1476
  workload-job-12   1      5        batch-tolerant     49
  workload-job-13   2      8        batch-tolerant     328
  workload-job-14   1      2        latency-sensitive  141
  workload-job-15   6      12       latency-sensitive  1478
  workload-job-16   4      10       batch-tolerant     1894
  Outcomes:
  NAME              STATUS      GPU
  workload-job-0    Running     GPU-3
  workload-job-1    Running     GPU-3
  workload-job-2    Running     GPU-3
  workload-job-3    Running     GPU-2
  workload-job-4    Running     GPU-2
  workload-job-5    Running     GPU-0
  workload-job-6    Running     GPU-2
  workload-job-7    Running     GPU-2
  workload-job-8    Running     GPU-2
  workload-job-9    Running     GPU-0
  workload-job-10   Running     GPU-1
  workload-job-11   Running     GPU-1
  workload-job-12   Running     GPU-3
  workload-job-13   Running     GPU-1
  workload-job-14   Running     GPU-0
  workload-job-15   Pending     (unscheduled)
  workload-job-16   Running     GPU-1

  SUMMARY: scheduled=16/17 (40/46 units)  denied=0  maxFreeCompute=10/10  totalFree=20/60 (33%)  util=66.7%  idleWaste=$3.47  costPerJob=$0.562  probeSucceeded=true  valid=true

=== MostAllocated | load=75% | seed=3 ===
  Generated 9 jobs (target load 75%, total compute demand 50/60 units):
  NAME              UNITS  MEM(GB)  TYPE               DURATION(s)
  workload-job-0    6      10       latency-sensitive  143
  workload-job-1    1      1        latency-sensitive  1928
  workload-job-2    9      19       batch-tolerant     92
  workload-job-3    9      26       batch-tolerant     855
  workload-job-4    5      20       batch-tolerant     753
  workload-job-5    8      31       latency-sensitive  226
  workload-job-6    3      6        batch-tolerant     3314
  workload-job-7    3      8        latency-sensitive  127
  workload-job-8    6      19       latency-sensitive  288
  Outcomes:
  NAME              STATUS      GPU
  workload-job-0    Running     GPU-2
  workload-job-1    Running     GPU-2
  workload-job-2    Running     GPU-3
  workload-job-3    Running     GPU-0
  workload-job-4    Running     GPU-1
  workload-job-5    Pending     (unscheduled)
  workload-job-6    Running     GPU-2
  workload-job-7    Running     GPU-1
  workload-job-8    Pending     (unscheduled)

  SUMMARY: scheduled=7/9 (36/50 units)  denied=0  maxFreeCompute=10/10  totalFree=24/60 (40%)  util=60.0%  idleWaste=$4.16  costPerJob=$1.136  probeSucceeded=true  valid=true

=== MostAllocated | load=75% | seed=4 ===
  Generated 14 jobs (target load 75%, total compute demand 46/60 units):
  NAME              UNITS  MEM(GB)  TYPE               DURATION(s)
  workload-job-0    2      4        batch-tolerant     248
  workload-job-1    2      4        latency-sensitive  237
  workload-job-2    2      7        batch-tolerant     189
  workload-job-3    5      14       latency-sensitive  108
  workload-job-4    2      7        batch-tolerant     1840
  workload-job-5    2      5        batch-tolerant     171
  workload-job-6    3      10       latency-sensitive  170
  workload-job-7    1      2        batch-tolerant     2755
  workload-job-8    7      16       batch-tolerant     102
  workload-job-9    5      9        batch-tolerant     125
  workload-job-10   5      8        latency-sensitive  2284
  workload-job-11   3      7        latency-sensitive  3173
  workload-job-12   5      8        latency-sensitive  258
  workload-job-13   2      4        batch-tolerant     1331
  Outcomes:
  NAME              STATUS      GPU
  workload-job-0    Running     GPU-4
  workload-job-1    Running     GPU-3
  workload-job-2    Running     GPU-4
  workload-job-3    Running     GPU-3
  workload-job-4    Running     GPU-3
  workload-job-5    Running     GPU-4
  workload-job-6    Running     GPU-2
  workload-job-7    Running     GPU-3
  workload-job-8    Running     GPU-5
  workload-job-9    Running     GPU-2
  workload-job-10   Running     GPU-0
  workload-job-11   Running     GPU-0
  workload-job-12   Running     GPU-1
  workload-job-13   Running     GPU-2

  SUMMARY: scheduled=14/14 (46/46 units)  denied=0  maxFreeCompute=5/10  totalFree=14/60 (23%)  util=76.7%  idleWaste=$2.43  costPerJob=$0.558  probeSucceeded=false  valid=true

=== MostAllocated | load=75% | seed=5 ===
  Generated 14 jobs (target load 75%, total compute demand 46/60 units):
  NAME              UNITS  MEM(GB)  TYPE               DURATION(s)
  workload-job-0    5      13       batch-tolerant     887
  workload-job-1    5      21       latency-sensitive  2105
  workload-job-2    1      4        batch-tolerant     788
  workload-job-3    5      18       latency-sensitive  177
  workload-job-4    5      12       batch-tolerant     2613
  workload-job-5    3      8        batch-tolerant     147
  workload-job-6    1      4        batch-tolerant     120
  workload-job-7    3      6        latency-sensitive  187
  workload-job-8    1      3        batch-tolerant     1855
  workload-job-9    3      6        latency-sensitive  338
  workload-job-10   5      13       latency-sensitive  162
  workload-job-11   1      5        batch-tolerant     169
  workload-job-12   2      7        batch-tolerant     1785
  workload-job-13   6      13       batch-tolerant     3049
  Outcomes:
  NAME              STATUS      GPU
  workload-job-0    Running     GPU-4
  workload-job-1    Running     GPU-2
  workload-job-2    Running     GPU-2
  workload-job-3    Running     GPU-3
  workload-job-4    Running     GPU-3
  workload-job-5    Running     GPU-2
  workload-job-6    Running     GPU-2
  workload-job-7    Running     GPU-0
  workload-job-8    Running     GPU-4
  workload-job-9    Running     GPU-0
  workload-job-10   Running     GPU-1
  workload-job-11   Running     GPU-0
  workload-job-12   Running     GPU-0
  workload-job-13   Running     GPU-5

  SUMMARY: scheduled=14/14 (46/46 units)  denied=0  maxFreeCompute=5/10  totalFree=14/60 (23%)  util=76.7%  idleWaste=$2.43  costPerJob=$0.574  probeSucceeded=false  valid=true

=== MostAllocated | load=75% | seed=6 ===
  Generated 13 jobs (target load 75%, total compute demand 48/60 units):
  NAME              UNITS  MEM(GB)  TYPE               DURATION(s)
  workload-job-0    3      12       latency-sensitive  1629
  workload-job-1    1      1        batch-tolerant     1476
  workload-job-2    6      24       latency-sensitive  2187
  workload-job-3    3      5        batch-tolerant     48
  workload-job-4    1      1        latency-sensitive  918
  workload-job-5    5      19       batch-tolerant     1348
  workload-job-6    4      7        batch-tolerant     1109
  workload-job-7    3      8        latency-sensitive  35
  workload-job-8    1      1        batch-tolerant     1803
  workload-job-9    4      15       latency-sensitive  1001
  workload-job-10   5      20       batch-tolerant     63
  workload-job-11   6      17       batch-tolerant     849
  workload-job-12   6      16       batch-tolerant     246
  Outcomes:
  NAME              STATUS      GPU
  workload-job-0    Running     GPU-2
  workload-job-1    Running     GPU-2
  workload-job-2    Running     GPU-2
  workload-job-3    Running     GPU-4
  workload-job-4    Running     GPU-3
  workload-job-5    Running     GPU-3
  workload-job-6    Running     GPU-3
  workload-job-7    Running     GPU-0
  workload-job-8    Running     GPU-4
  workload-job-9    Running     GPU-0
  workload-job-10   Running     GPU-1
  workload-job-11   Pending     (unscheduled)
  workload-job-12   Running     GPU-5

  SUMMARY: scheduled=12/13 (42/48 units)  denied=0  maxFreeCompute=6/10  totalFree=18/60 (30%)  util=70.0%  idleWaste=$3.12  costPerJob=$0.608  probeSucceeded=false  valid=true

=== MostAllocated | load=75% | seed=7 ===
  Generated 14 jobs (target load 75%, total compute demand 48/60 units):
  NAME              UNITS  MEM(GB)  TYPE               DURATION(s)
  workload-job-0    7      15       latency-sensitive  131
  workload-job-1    2      5        batch-tolerant     255
  workload-job-2    3      9        latency-sensitive  64
  workload-job-3    1      2        latency-sensitive  224
  workload-job-4    5      11       latency-sensitive  1872
  workload-job-5    2      4        batch-tolerant     2837
  workload-job-6    2      6        batch-tolerant     1666
  workload-job-7    3      6        batch-tolerant     158
  workload-job-8    3      12       latency-sensitive  104
  workload-job-9    3      14       batch-tolerant     213
  workload-job-10   2      7        batch-tolerant     1178
  workload-job-11   2      6        batch-tolerant     298
  workload-job-12   8      32       latency-sensitive  2107
  workload-job-13   5      13       batch-tolerant     3105
  Outcomes:
  NAME              STATUS      GPU
  workload-job-0    Running     GPU-3
  workload-job-1    Running     GPU-3
  workload-job-2    Running     GPU-2
  workload-job-3    Running     GPU-3
  workload-job-4    Running     GPU-2
  workload-job-5    Running     GPU-2
  workload-job-6    Running     GPU-4
  workload-job-7    Running     GPU-4
  workload-job-8    Running     GPU-0
  workload-job-9    Running     GPU-5
  workload-job-10   Running     GPU-0
  workload-job-11   Running     GPU-0
  workload-job-12   Running     GPU-1
  workload-job-13   Pending     (unscheduled)

  SUMMARY: scheduled=13/14 (43/48 units)  denied=0  maxFreeCompute=7/10  totalFree=17/60 (28%)  util=71.7%  idleWaste=$2.95  costPerJob=$0.620  probeSucceeded=false  valid=true

=== MostAllocated | load=75% | seed=8 ===
  Generated 16 jobs (target load 75%, total compute demand 45/60 units):
  NAME              UNITS  MEM(GB)  TYPE               DURATION(s)
  workload-job-0    1      3        latency-sensitive  72
  workload-job-1    3      7        batch-tolerant     91
  workload-job-2    1      2        latency-sensitive  350
  workload-job-3    3      12       batch-tolerant     406
  workload-job-4    3      10       latency-sensitive  1841
  workload-job-5    3      12       batch-tolerant     891
  workload-job-6    6      11       latency-sensitive  1846
  workload-job-7    3      12       latency-sensitive  1059
  workload-job-8    2      6        latency-sensitive  65
  workload-job-9    2      8        batch-tolerant     55
  workload-job-10   3      7        batch-tolerant     1733
  workload-job-11   1      4        batch-tolerant     2079
  workload-job-12   3      11       batch-tolerant     288
  workload-job-13   5      20       batch-tolerant     1531
  workload-job-14   4      7        batch-tolerant     247
  workload-job-15   2      5        batch-tolerant     3120
  Outcomes:
  NAME              STATUS      GPU
  workload-job-0    Running     GPU-3
  workload-job-1    Running     GPU-4
  workload-job-2    Running     GPU-3
  workload-job-3    Running     GPU-5
  workload-job-4    Running     GPU-3
  workload-job-5    Running     GPU-3
  workload-job-6    Running     GPU-2
  workload-job-7    Running     GPU-2
  workload-job-8    Running     GPU-3
  workload-job-9    Running     GPU-4
  workload-job-10   Running     GPU-0
  workload-job-11   Running     GPU-2
  workload-job-12   Running     GPU-0
  workload-job-13   Running     GPU-1
  workload-job-14   Running     GPU-0
  workload-job-15   Running     GPU-1

  SUMMARY: scheduled=16/16 (45/45 units)  denied=0  maxFreeCompute=7/10  totalFree=15/60 (25%)  util=75.0%  idleWaste=$2.60  costPerJob=$0.541  probeSucceeded=false  valid=true

=== MostAllocated | load=75% | seed=9 ===
  Generated 12 jobs (target load 75%, total compute demand 45/60 units):
  NAME              UNITS  MEM(GB)  TYPE               DURATION(s)
  workload-job-0    2      8        batch-tolerant     772
  workload-job-1    6      24       batch-tolerant     243
  workload-job-2    6      24       batch-tolerant     210
  workload-job-3    7      21       latency-sensitive  545
  workload-job-4    4      8        latency-sensitive  2195
  workload-job-5    1      3        latency-sensitive  2106
  workload-job-6    3      9        latency-sensitive  186
  workload-job-7    3      6        batch-tolerant     1695
  workload-job-8    2      7        latency-sensitive  735
  workload-job-9    6      19       latency-sensitive  675
  workload-job-10   2      6        batch-tolerant     394
  workload-job-11   3      11       batch-tolerant     291
  Outcomes:
  NAME              STATUS      GPU
  workload-job-0    Running     GPU-4
  workload-job-1    Running     GPU-3
  workload-job-2    Running     GPU-2
  workload-job-3    Running     GPU-0
  workload-job-4    Running     GPU-3
  workload-job-5    Running     GPU-2
  workload-job-6    Running     GPU-2
  workload-job-7    Running     GPU-4
  workload-job-8    Running     GPU-0
  workload-job-9    Running     GPU-1
  workload-job-10   Running     GPU-1
  workload-job-11   Running     GPU-5

  SUMMARY: scheduled=12/12 (45/45 units)  denied=0  maxFreeCompute=7/10  totalFree=15/60 (25%)  util=75.0%  idleWaste=$2.60  costPerJob=$0.722  probeSucceeded=false  valid=true

=== MostAllocated | load=75% | seed=10 ===
  Generated 11 jobs (target load 75%, total compute demand 45/60 units):
  NAME              UNITS  MEM(GB)  TYPE               DURATION(s)
  workload-job-0    2      8        batch-tolerant     2540
  workload-job-1    6      11       batch-tolerant     3112
  workload-job-2    7      29       batch-tolerant     3427
  workload-job-3    4      12       latency-sensitive  1397
  workload-job-4    1      3        latency-sensitive  172
  workload-job-5    5      13       batch-tolerant     1284
  workload-job-6    3      13       latency-sensitive  56
  workload-job-7    8      25       batch-tolerant     198
  workload-job-8    4      8        batch-tolerant     3055
  workload-job-9    2      5        latency-sensitive  2901
  workload-job-10   3      11       latency-sensitive  2777
  Outcomes:
  NAME              STATUS      GPU
  workload-job-0    Running     GPU-5
  workload-job-1    Running     GPU-4
  workload-job-2    Running     GPU-3
  workload-job-3    Running     GPU-2
  workload-job-4    Running     GPU-3
  workload-job-5    Running     GPU-2
  workload-job-6    Running     GPU-1
  workload-job-7    Running     GPU-0
  workload-job-8    Running     GPU-5
  workload-job-9    Running     GPU-3
  workload-job-10   Running     GPU-1

  SUMMARY: scheduled=11/11 (45/45 units)  denied=0  maxFreeCompute=4/10  totalFree=15/60 (25%)  util=75.0%  idleWaste=$2.60  costPerJob=$0.717  probeSucceeded=false  valid=true

=== MostAllocated | load=90% | seed=1 ===
  Generated 20 jobs (target load 90%, total compute demand 60/60 units):
  NAME              UNITS  MEM(GB)  TYPE               DURATION(s)
  workload-job-0    4      18       batch-tolerant     1826
  workload-job-1    2      6        latency-sensitive  150
  workload-job-2    3      4        latency-sensitive  173
  workload-job-3    3      9        batch-tolerant     989
  workload-job-4    4      13       batch-tolerant     430
  workload-job-5    1      1        batch-tolerant     106
  workload-job-6    1      3        batch-tolerant     62
  workload-job-7    1      5        batch-tolerant     506
  workload-job-8    1      1        latency-sensitive  2506
  workload-job-9    5      19       latency-sensitive  447
  workload-job-10   1      5        batch-tolerant     2678
  workload-job-11   2      9        batch-tolerant     109
  workload-job-12   5      21       batch-tolerant     579
  workload-job-13   1      1        batch-tolerant     2944
  workload-job-14   3      5        batch-tolerant     1188
  workload-job-15   5      13       batch-tolerant     854
  workload-job-16   3      6        batch-tolerant     472
  workload-job-17   6      17       latency-sensitive  123
  workload-job-18   2      5        latency-sensitive  126
  workload-job-19   7      22       batch-tolerant     189
  Outcomes:
  NAME              STATUS      GPU
  workload-job-0    Running     GPU-2
  workload-job-1    Running     GPU-2
  workload-job-2    Running     GPU-2
  workload-job-3    Running     GPU-4
  workload-job-4    Running     GPU-5
  workload-job-5    Running     GPU-2
  workload-job-6    Running     GPU-5
  workload-job-7    Running     GPU-4
  workload-job-8    Running     GPU-3
  workload-job-9    Running     GPU-3
  workload-job-10   Running     GPU-3
  workload-job-11   Running     GPU-3
  workload-job-12   Running     GPU-0
  workload-job-13   Running     GPU-3
  workload-job-14   Running     GPU-0
  workload-job-15   Running     GPU-1
  workload-job-16   Running     GPU-1
  workload-job-17   Pending     (unscheduled)
  workload-job-18   Running     GPU-0
  workload-job-19   Pending     (unscheduled)

  SUMMARY: scheduled=18/20 (47/60 units)  denied=0  maxFreeCompute=6/10  totalFree=13/60 (22%)  util=78.3%  idleWaste=$2.25  costPerJob=$0.502  probeSucceeded=false  valid=true

=== MostAllocated | load=90% | seed=2 ===
  Generated 21 jobs (target load 90%, total compute demand 56/60 units):
  NAME              UNITS  MEM(GB)  TYPE               DURATION(s)
  workload-job-0    1      1        latency-sensitive  1031
  workload-job-1    2      2        latency-sensitive  81
  workload-job-2    6      20       batch-tolerant     2367
  workload-job-3    3      11       latency-sensitive  676
  workload-job-4    2      2        batch-tolerant     291
  workload-job-5    6      17       batch-tolerant     177
  workload-job-6    2      9        batch-tolerant     206
  workload-job-7    2      6        batch-tolerant     1294
  workload-job-8    1      1        batch-tolerant     997
  workload-job-9    3      11       batch-tolerant     1179
  workload-job-10   2      8        latency-sensitive  288
  workload-job-11   2      7        latency-sensitive  1476
  workload-job-12   1      5        batch-tolerant     49
  workload-job-13   2      8        batch-tolerant     328
  workload-job-14   1      2        latency-sensitive  141
  workload-job-15   6      12       latency-sensitive  1478
  workload-job-16   4      10       batch-tolerant     1894
  workload-job-17   1      2        latency-sensitive  174
  workload-job-18   4      17       batch-tolerant     2725
  workload-job-19   2      7        batch-tolerant     1848
  workload-job-20   3      7        batch-tolerant     207
  Outcomes:
  NAME              STATUS      GPU
  workload-job-0    Running     GPU-3
  workload-job-1    Running     GPU-3
  workload-job-2    Running     GPU-3
  workload-job-3    Running     GPU-2
  workload-job-4    Running     GPU-2
  workload-job-5    Running     GPU-0
  workload-job-6    Running     GPU-2
  workload-job-7    Running     GPU-2
  workload-job-8    Running     GPU-2
  workload-job-9    Running     GPU-0
  workload-job-10   Running     GPU-1
  workload-job-11   Running     GPU-1
  workload-job-12   Running     GPU-3
  workload-job-13   Running     GPU-1
  workload-job-14   Running     GPU-0
  workload-job-15   Pending     (unscheduled)
  workload-job-16   Running     GPU-1
  workload-job-17   Pending     (unscheduled)
  workload-job-18   Pending     (unscheduled)
  workload-job-19   Running     GPU-4
  workload-job-20   Running     GPU-4

  SUMMARY: scheduled=18/21 (45/56 units)  denied=0  maxFreeCompute=10/10  totalFree=15/60 (25%)  util=75.0%  idleWaste=$2.60  costPerJob=$0.519  probeSucceeded=true  valid=true

=== MostAllocated | load=90% | seed=3 ===
  Generated 12 jobs (target load 90%, total compute demand 59/60 units):
  NAME              UNITS  MEM(GB)  TYPE               DURATION(s)
  workload-job-0    6      10       latency-sensitive  143
  workload-job-1    1      1        latency-sensitive  1928
  workload-job-2    9      19       batch-tolerant     92
  workload-job-3    9      26       batch-tolerant     855
  workload-job-4    5      20       batch-tolerant     753
  workload-job-5    8      31       latency-sensitive  226
  workload-job-6    3      6        batch-tolerant     3314
  workload-job-7    3      8        latency-sensitive  127
  workload-job-8    6      19       latency-sensitive  288
  workload-job-9    1      5        batch-tolerant     219
  workload-job-10   2      6        batch-tolerant     245
  workload-job-11   6      16       latency-sensitive  71
  Outcomes:
  NAME              STATUS      GPU
  workload-job-0    Running     GPU-3
  workload-job-1    Running     GPU-3
  workload-job-2    Running     GPU-2
  workload-job-3    Running     GPU-0
  workload-job-4    Running     GPU-1
  workload-job-5    Pending     (unscheduled)
  workload-job-6    Running     GPU-3
  workload-job-7    Running     GPU-1
  workload-job-8    Pending     (unscheduled)
  workload-job-9    Running     GPU-2
  workload-job-10   Running     GPU-1
  workload-job-11   Pending     (unscheduled)

  SUMMARY: scheduled=9/12 (39/59 units)  denied=0  maxFreeCompute=10/10  totalFree=21/60 (35%)  util=65.0%  idleWaste=$3.64  costPerJob=$0.967  probeSucceeded=true  valid=true

=== MostAllocated | load=90% | seed=4 ===
  Generated 18 jobs (target load 90%, total compute demand 58/60 units):
  NAME              UNITS  MEM(GB)  TYPE               DURATION(s)
  workload-job-0    2      4        batch-tolerant     248
  workload-job-1    2      4        latency-sensitive  237
  workload-job-2    2      7        batch-tolerant     189
  workload-job-3    5      14       latency-sensitive  108
  workload-job-4    2      7        batch-tolerant     1840
  workload-job-5    2      5        batch-tolerant     171
  workload-job-6    3      10       latency-sensitive  170
  workload-job-7    1      2        batch-tolerant     2755
  workload-job-8    7      16       batch-tolerant     102
  workload-job-9    5      9        batch-tolerant     125
  workload-job-10   5      8        latency-sensitive  2284
  workload-job-11   3      7        latency-sensitive  3173
  workload-job-12   5      8        latency-sensitive  258
  workload-job-13   2      4        batch-tolerant     1331
  workload-job-14   1      2        latency-sensitive  3497
  workload-job-15   4      12       latency-sensitive  2763
  workload-job-16   1      1        batch-tolerant     1231
  workload-job-17   6      24       latency-sensitive  131
  Outcomes:
  NAME              STATUS      GPU
  workload-job-0    Running     GPU-4
  workload-job-1    Running     GPU-3
  workload-job-2    Running     GPU-4
  workload-job-3    Running     GPU-3
  workload-job-4    Running     GPU-3
  workload-job-5    Running     GPU-4
  workload-job-6    Running     GPU-2
  workload-job-7    Running     GPU-3
  workload-job-8    Running     GPU-5
  workload-job-9    Running     GPU-2
  workload-job-10   Running     GPU-1
  workload-job-11   Running     GPU-1
  workload-job-12   Running     GPU-0
  workload-job-13   Running     GPU-2
  workload-job-14   Running     GPU-1
  workload-job-15   Running     GPU-0
  workload-job-16   Running     GPU-0
  workload-job-17   Pending     (unscheduled)

  SUMMARY: scheduled=17/18 (52/58 units)  denied=0  maxFreeCompute=4/10  totalFree=8/60 (13%)  util=86.7%  idleWaste=$1.39  costPerJob=$0.565  probeSucceeded=false  valid=true

=== MostAllocated | load=90% | seed=5 ===
  Generated 17 jobs (target load 90%, total compute demand 57/60 units):
  NAME              UNITS  MEM(GB)  TYPE               DURATION(s)
  workload-job-0    5      13       batch-tolerant     887
  workload-job-1    5      21       latency-sensitive  2105
  workload-job-2    1      4        batch-tolerant     788
  workload-job-3    5      18       latency-sensitive  177
  workload-job-4    5      12       batch-tolerant     2613
  workload-job-5    3      8        batch-tolerant     147
  workload-job-6    1      4        batch-tolerant     120
  workload-job-7    3      6        latency-sensitive  187
  workload-job-8    1      3        batch-tolerant     1855
  workload-job-9    3      6        latency-sensitive  338
  workload-job-10   5      13       latency-sensitive  162
  workload-job-11   1      5        batch-tolerant     169
  workload-job-12   2      7        batch-tolerant     1785
  workload-job-13   6      13       batch-tolerant     3049
  workload-job-14   1      3        batch-tolerant     56
  workload-job-15   4      13       batch-tolerant     1543
  workload-job-16   6      18       batch-tolerant     2913
  Outcomes:
  NAME              STATUS      GPU
  workload-job-0    Running     GPU-4
  workload-job-1    Running     GPU-2
  workload-job-2    Running     GPU-2
  workload-job-3    Running     GPU-3
  workload-job-4    Running     GPU-3
  workload-job-5    Running     GPU-2
  workload-job-6    Running     GPU-2
  workload-job-7    Running     GPU-0
  workload-job-8    Running     GPU-4
  workload-job-9    Running     GPU-0
  workload-job-10   Running     GPU-1
  workload-job-11   Running     GPU-0
  workload-job-12   Running     GPU-0
  workload-job-13   Running     GPU-5
  workload-job-14   Running     GPU-5
  workload-job-15   Running     GPU-1
  workload-job-16   Pending     (unscheduled)

  SUMMARY: scheduled=16/17 (51/57 units)  denied=0  maxFreeCompute=4/10  totalFree=9/60 (15%)  util=85.0%  idleWaste=$1.56  costPerJob=$0.582  probeSucceeded=false  valid=true

=== MostAllocated | load=90% | seed=6 ===
  Generated 14 jobs (target load 90%, total compute demand 54/60 units):
  NAME              UNITS  MEM(GB)  TYPE               DURATION(s)
  workload-job-0    3      12       latency-sensitive  1629
  workload-job-1    1      1        batch-tolerant     1476
  workload-job-2    6      24       latency-sensitive  2187
  workload-job-3    3      5        batch-tolerant     48
  workload-job-4    1      1        latency-sensitive  918
  workload-job-5    5      19       batch-tolerant     1348
  workload-job-6    4      7        batch-tolerant     1109
  workload-job-7    3      8        latency-sensitive  35
  workload-job-8    1      1        batch-tolerant     1803
  workload-job-9    4      15       latency-sensitive  1001
  workload-job-10   5      20       batch-tolerant     63
  workload-job-11   6      17       batch-tolerant     849
  workload-job-12   6      16       batch-tolerant     246
  workload-job-13   6      22       latency-sensitive  2316
  Outcomes:
  NAME              STATUS      GPU
  workload-job-0    Running     GPU-3
  workload-job-1    Running     GPU-3
  workload-job-2    Running     GPU-3
  workload-job-3    Running     GPU-4
  workload-job-4    Running     GPU-2
  workload-job-5    Running     GPU-2
  workload-job-6    Running     GPU-2
  workload-job-7    Running     GPU-1
  workload-job-8    Running     GPU-4
  workload-job-9    Running     GPU-1
  workload-job-10   Running     GPU-0
  workload-job-11   Pending     (unscheduled)
  workload-job-12   Running     GPU-5
  workload-job-13   Pending     (unscheduled)

  SUMMARY: scheduled=12/14 (42/54 units)  denied=0  maxFreeCompute=6/10  totalFree=18/60 (30%)  util=70.0%  idleWaste=$3.12  costPerJob=$0.608  probeSucceeded=false  valid=true

=== MostAllocated | load=90% | seed=7 ===
  Generated 15 jobs (target load 90%, total compute demand 57/60 units):
  NAME              UNITS  MEM(GB)  TYPE               DURATION(s)
  workload-job-0    7      15       latency-sensitive  131
  workload-job-1    2      5        batch-tolerant     255
  workload-job-2    3      9        latency-sensitive  64
  workload-job-3    1      2        latency-sensitive  224
  workload-job-4    5      11       latency-sensitive  1872
  workload-job-5    2      4        batch-tolerant     2837
  workload-job-6    2      6        batch-tolerant     1666
  workload-job-7    3      6        batch-tolerant     158
  workload-job-8    3      12       latency-sensitive  104
  workload-job-9    3      14       batch-tolerant     213
  workload-job-10   2      7        batch-tolerant     1178
  workload-job-11   2      6        batch-tolerant     298
  workload-job-12   8      32       latency-sensitive  2107
  workload-job-13   5      13       batch-tolerant     3105
  workload-job-14   9      37       latency-sensitive  2086
  Outcomes:
  NAME              STATUS      GPU
  workload-job-0    Running     GPU-2
  workload-job-1    Running     GPU-2
  workload-job-2    Running     GPU-3
  workload-job-3    Running     GPU-2
  workload-job-4    Running     GPU-3
  workload-job-5    Running     GPU-3
  workload-job-6    Running     GPU-4
  workload-job-7    Running     GPU-4
  workload-job-8    Running     GPU-0
  workload-job-9    Running     GPU-5
  workload-job-10   Running     GPU-0
  workload-job-11   Running     GPU-0
  workload-job-12   Running     GPU-1
  workload-job-13   Pending     (unscheduled)
  workload-job-14   Pending     (unscheduled)

  SUMMARY: scheduled=13/15 (43/57 units)  denied=0  maxFreeCompute=7/10  totalFree=17/60 (28%)  util=71.7%  idleWaste=$2.95  costPerJob=$0.620  probeSucceeded=false  valid=true

=== MostAllocated | load=90% | seed=8 ===
  Generated 20 jobs (target load 90%, total compute demand 54/60 units):
  NAME              UNITS  MEM(GB)  TYPE               DURATION(s)
  workload-job-0    1      3        latency-sensitive  72
  workload-job-1    3      7        batch-tolerant     91
  workload-job-2    1      2        latency-sensitive  350
  workload-job-3    3      12       batch-tolerant     406
  workload-job-4    3      10       latency-sensitive  1841
  workload-job-5    3      12       batch-tolerant     891
  workload-job-6    6      11       latency-sensitive  1846
  workload-job-7    3      12       latency-sensitive  1059
  workload-job-8    2      6        latency-sensitive  65
  workload-job-9    2      8        batch-tolerant     55
  workload-job-10   3      7        batch-tolerant     1733
  workload-job-11   1      4        batch-tolerant     2079
  workload-job-12   3      11       batch-tolerant     288
  workload-job-13   5      20       batch-tolerant     1531
  workload-job-14   4      7        batch-tolerant     247
  workload-job-15   2      5        batch-tolerant     3120
  workload-job-16   1      6        batch-tolerant     103
  workload-job-17   1      1        batch-tolerant     130
  workload-job-18   4      18       latency-sensitive  2614
  workload-job-19   3      13       latency-sensitive  162
  Outcomes:
  NAME              STATUS      GPU
  workload-job-0    Running     GPU-3
  workload-job-1    Running     GPU-5
  workload-job-2    Running     GPU-3
  workload-job-3    Running     GPU-4
  workload-job-4    Running     GPU-3
  workload-job-5    Running     GPU-3
  workload-job-6    Running     GPU-2
  workload-job-7    Running     GPU-2
  workload-job-8    Running     GPU-3
  workload-job-9    Running     GPU-5
  workload-job-10   Running     GPU-0
  workload-job-11   Running     GPU-2
  workload-job-12   Running     GPU-0
  workload-job-13   Running     GPU-1
  workload-job-14   Running     GPU-0
  workload-job-15   Running     GPU-1
  workload-job-16   Running     GPU-1
  workload-job-17   Running     GPU-5
  workload-job-18   Pending     (unscheduled)
  workload-job-19   Pending     (unscheduled)

  SUMMARY: scheduled=18/20 (47/54 units)  denied=0  maxFreeCompute=7/10  totalFree=13/60 (22%)  util=78.3%  idleWaste=$2.25  costPerJob=$0.502  probeSucceeded=false  valid=true

=== MostAllocated | load=90% | seed=9 ===
  Generated 14 jobs (target load 90%, total compute demand 55/60 units):
  NAME              UNITS  MEM(GB)  TYPE               DURATION(s)
  workload-job-0    2      8        batch-tolerant     772
  workload-job-1    6      24       batch-tolerant     243
  workload-job-2    6      24       batch-tolerant     210
  workload-job-3    7      21       latency-sensitive  545
  workload-job-4    4      8        latency-sensitive  2195
  workload-job-5    1      3        latency-sensitive  2106
  workload-job-6    3      9        latency-sensitive  186
  workload-job-7    3      6        batch-tolerant     1695
  workload-job-8    2      7        latency-sensitive  735
  workload-job-9    6      19       latency-sensitive  675
  workload-job-10   2      6        batch-tolerant     394
  workload-job-11   3      11       batch-tolerant     291
  workload-job-12   2      8        latency-sensitive  74
  workload-job-13   8      26       latency-sensitive  1740
  Outcomes:
  NAME              STATUS      GPU
  workload-job-0    Running     GPU-4
  workload-job-1    Running     GPU-2
  workload-job-2    Running     GPU-3
  workload-job-3    Running     GPU-0
  workload-job-4    Running     GPU-3
  workload-job-5    Running     GPU-2
  workload-job-6    Running     GPU-2
  workload-job-7    Running     GPU-4
  workload-job-8    Running     GPU-0
  workload-job-9    Running     GPU-1
  workload-job-10   Running     GPU-1
  workload-job-11   Running     GPU-5
  workload-job-12   Running     GPU-1
  workload-job-13   Pending     (unscheduled)

  SUMMARY: scheduled=13/14 (47/55 units)  denied=0  maxFreeCompute=7/10  totalFree=13/60 (22%)  util=78.3%  idleWaste=$2.25  costPerJob=$0.712  probeSucceeded=false  valid=true

=== MostAllocated | load=90% | seed=10 ===
  Generated 15 jobs (target load 90%, total compute demand 56/60 units):
  NAME              UNITS  MEM(GB)  TYPE               DURATION(s)
  workload-job-0    2      8        batch-tolerant     2540
  workload-job-1    6      11       batch-tolerant     3112
  workload-job-2    7      29       batch-tolerant     3427
  workload-job-3    4      12       latency-sensitive  1397
  workload-job-4    1      3        latency-sensitive  172
  workload-job-5    5      13       batch-tolerant     1284
  workload-job-6    3      13       latency-sensitive  56
  workload-job-7    8      25       batch-tolerant     198
  workload-job-8    4      8        batch-tolerant     3055
  workload-job-9    2      5        latency-sensitive  2901
  workload-job-10   3      11       latency-sensitive  2777
  workload-job-11   2      9        batch-tolerant     42
  workload-job-12   4      8        batch-tolerant     219
  workload-job-13   2      9        batch-tolerant     3346
  workload-job-14   3      7        batch-tolerant     1279
  Outcomes:
  NAME              STATUS      GPU
  workload-job-0    Running     GPU-4
  workload-job-1    Running     GPU-5
  workload-job-2    Running     GPU-2
  workload-job-3    Running     GPU-3
  workload-job-4    Running     GPU-2
  workload-job-5    Running     GPU-3
  workload-job-6    Running     GPU-0
  workload-job-7    Running     GPU-1
  workload-job-8    Running     GPU-4
  workload-job-9    Running     GPU-2
  workload-job-10   Running     GPU-0
  workload-job-11   Running     GPU-1
  workload-job-12   Running     GPU-0
  workload-job-13   Pending     (unscheduled)
  workload-job-14   Pending     (unscheduled)

  SUMMARY: scheduled=13/15 (51/56 units)  denied=0  maxFreeCompute=4/10  totalFree=9/60 (15%)  util=85.0%  idleWaste=$1.56  costPerJob=$0.745  probeSucceeded=false  valid=true

=== MostAllocated | load=110% | seed=1 ===
  Generated 22 jobs (target load 110%, total compute demand 72/60 units):
  NAME              UNITS  MEM(GB)  TYPE               DURATION(s)
  workload-job-0    4      18       batch-tolerant     1826
  workload-job-1    2      6        latency-sensitive  150
  workload-job-2    3      4        latency-sensitive  173
  workload-job-3    3      9        batch-tolerant     989
  workload-job-4    4      13       batch-tolerant     430
  workload-job-5    1      1        batch-tolerant     106
  workload-job-6    1      3        batch-tolerant     62
  workload-job-7    1      5        batch-tolerant     506
  workload-job-8    1      1        latency-sensitive  2506
  workload-job-9    5      19       latency-sensitive  447
  workload-job-10   1      5        batch-tolerant     2678
  workload-job-11   2      9        batch-tolerant     109
  workload-job-12   5      21       batch-tolerant     579
  workload-job-13   1      1        batch-tolerant     2944
  workload-job-14   3      5        batch-tolerant     1188
  workload-job-15   5      13       batch-tolerant     854
  workload-job-16   3      6        batch-tolerant     472
  workload-job-17   6      17       latency-sensitive  123
  workload-job-18   2      5        latency-sensitive  126
  workload-job-19   7      22       batch-tolerant     189
  workload-job-20   3      9        batch-tolerant     246
  workload-job-21   9      34       batch-tolerant     126
  Outcomes:
  NAME              STATUS      GPU
  workload-job-0    Running     GPU-3
  workload-job-1    Running     GPU-3
  workload-job-2    Running     GPU-3
  workload-job-3    Running     GPU-4
  workload-job-4    Running     GPU-5
  workload-job-5    Running     GPU-3
  workload-job-6    Running     GPU-5
  workload-job-7    Running     GPU-4
  workload-job-8    Running     GPU-2
  workload-job-9    Running     GPU-2
  workload-job-10   Running     GPU-2
  workload-job-11   Running     GPU-2
  workload-job-12   Running     GPU-0
  workload-job-13   Running     GPU-2
  workload-job-14   Running     GPU-0
  workload-job-15   Running     GPU-1
  workload-job-16   Running     GPU-1
  workload-job-17   Pending     (unscheduled)
  workload-job-18   Running     GPU-0
  workload-job-19   Pending     (unscheduled)
  workload-job-20   Pending     (unscheduled)
  workload-job-21   Pending     (unscheduled)

  SUMMARY: scheduled=18/22 (47/72 units)  denied=0  maxFreeCompute=6/10  totalFree=13/60 (22%)  util=78.3%  idleWaste=$2.25  costPerJob=$0.502  probeSucceeded=false  valid=true

=== MostAllocated | load=110% | seed=2 ===
  Generated 24 jobs (target load 110%, total compute demand 72/60 units):
  NAME              UNITS  MEM(GB)  TYPE               DURATION(s)
  workload-job-0    1      1        latency-sensitive  1031
  workload-job-1    2      2        latency-sensitive  81
  workload-job-2    6      20       batch-tolerant     2367
  workload-job-3    3      11       latency-sensitive  676
  workload-job-4    2      2        batch-tolerant     291
  workload-job-5    6      17       batch-tolerant     177
  workload-job-6    2      9        batch-tolerant     206
  workload-job-7    2      6        batch-tolerant     1294
  workload-job-8    1      1        batch-tolerant     997
  workload-job-9    3      11       batch-tolerant     1179
  workload-job-10   2      8        latency-sensitive  288
  workload-job-11   2      7        latency-sensitive  1476
  workload-job-12   1      5        batch-tolerant     49
  workload-job-13   2      8        batch-tolerant     328
  workload-job-14   1      2        latency-sensitive  141
  workload-job-15   6      12       latency-sensitive  1478
  workload-job-16   4      10       batch-tolerant     1894
  workload-job-17   1      2        latency-sensitive  174
  workload-job-18   4      17       batch-tolerant     2725
  workload-job-19   2      7        batch-tolerant     1848
  workload-job-20   3      7        batch-tolerant     207
  workload-job-21   3      14       batch-tolerant     1593
  workload-job-22   6      26       batch-tolerant     122
  workload-job-23   7      26       batch-tolerant     1092
  Outcomes:
  NAME              STATUS      GPU
  workload-job-0    Running     GPU-3
  workload-job-1    Running     GPU-3
  workload-job-2    Running     GPU-3
  workload-job-3    Running     GPU-2
  workload-job-4    Running     GPU-2
  workload-job-5    Running     GPU-0
  workload-job-6    Running     GPU-2
  workload-job-7    Running     GPU-2
  workload-job-8    Running     GPU-2
  workload-job-9    Running     GPU-0
  workload-job-10   Running     GPU-1
  workload-job-11   Running     GPU-1
  workload-job-12   Running     GPU-3
  workload-job-13   Running     GPU-1
  workload-job-14   Running     GPU-0
  workload-job-15   Pending     (unscheduled)
  workload-job-16   Running     GPU-1
  workload-job-17   Pending     (unscheduled)
  workload-job-18   Pending     (unscheduled)
  workload-job-19   Running     GPU-5
  workload-job-20   Running     GPU-5
  workload-job-21   Running     GPU-4
  workload-job-22   Pending     (unscheduled)
  workload-job-23   Pending     (unscheduled)

  SUMMARY: scheduled=19/24 (48/72 units)  denied=0  maxFreeCompute=7/10  totalFree=12/60 (20%)  util=80.0%  idleWaste=$2.08  costPerJob=$0.503  probeSucceeded=false  valid=true

=== MostAllocated | load=110% | seed=3 ===
  Generated 13 jobs (target load 110%, total compute demand 66/60 units):
  NAME              UNITS  MEM(GB)  TYPE               DURATION(s)
  workload-job-0    6      10       latency-sensitive  143
  workload-job-1    1      1        latency-sensitive  1928
  workload-job-2    9      19       batch-tolerant     92
  workload-job-3    9      26       batch-tolerant     855
  workload-job-4    5      20       batch-tolerant     753
  workload-job-5    8      31       latency-sensitive  226
  workload-job-6    3      6        batch-tolerant     3314
  workload-job-7    3      8        latency-sensitive  127
  workload-job-8    6      19       latency-sensitive  288
  workload-job-9    1      5        batch-tolerant     219
  workload-job-10   2      6        batch-tolerant     245
  workload-job-11   6      16       latency-sensitive  71
  workload-job-12   7      21       latency-sensitive  2778
  Outcomes:
  NAME              STATUS      GPU
  workload-job-0    Running     GPU-3
  workload-job-1    Running     GPU-3
  workload-job-2    Running     GPU-2
  workload-job-3    Running     GPU-0
  workload-job-4    Running     GPU-1
  workload-job-5    Pending     (unscheduled)
  workload-job-6    Running     GPU-3
  workload-job-7    Running     GPU-1
  workload-job-8    Pending     (unscheduled)
  workload-job-9    Running     GPU-2
  workload-job-10   Running     GPU-1
  workload-job-11   Pending     (unscheduled)
  workload-job-12   Pending     (unscheduled)

  SUMMARY: scheduled=9/13 (39/66 units)  denied=0  maxFreeCompute=10/10  totalFree=21/60 (35%)  util=65.0%  idleWaste=$3.64  costPerJob=$0.967  probeSucceeded=true  valid=true

=== MostAllocated | load=110% | seed=4 ===
  Generated 20 jobs (target load 110%, total compute demand 67/60 units):
  NAME              UNITS  MEM(GB)  TYPE               DURATION(s)
  workload-job-0    2      4        batch-tolerant     248
  workload-job-1    2      4        latency-sensitive  237
  workload-job-2    2      7        batch-tolerant     189
  workload-job-3    5      14       latency-sensitive  108
  workload-job-4    2      7        batch-tolerant     1840
  workload-job-5    2      5        batch-tolerant     171
  workload-job-6    3      10       latency-sensitive  170
  workload-job-7    1      2        batch-tolerant     2755
  workload-job-8    7      16       batch-tolerant     102
  workload-job-9    5      9        batch-tolerant     125
  workload-job-10   5      8        latency-sensitive  2284
  workload-job-11   3      7        latency-sensitive  3173
  workload-job-12   5      8        latency-sensitive  258
  workload-job-13   2      4        batch-tolerant     1331
  workload-job-14   1      2        latency-sensitive  3497
  workload-job-15   4      12       latency-sensitive  2763
  workload-job-16   1      1        batch-tolerant     1231
  workload-job-17   6      24       latency-sensitive  131
  workload-job-18   3      6        latency-sensitive  3496
  workload-job-19   6      24       latency-sensitive  2931
  Outcomes:
  NAME              STATUS      GPU
  workload-job-0    Running     GPU-4
  workload-job-1    Running     GPU-2
  workload-job-2    Running     GPU-4
  workload-job-3    Running     GPU-2
  workload-job-4    Running     GPU-2
  workload-job-5    Running     GPU-4
  workload-job-6    Running     GPU-3
  workload-job-7    Running     GPU-2
  workload-job-8    Running     GPU-5
  workload-job-9    Running     GPU-3
  workload-job-10   Running     GPU-0
  workload-job-11   Running     GPU-0
  workload-job-12   Running     GPU-1
  workload-job-13   Running     GPU-3
  workload-job-14   Running     GPU-0
  workload-job-15   Running     GPU-1
  workload-job-16   Running     GPU-1
  workload-job-17   Pending     (unscheduled)
  workload-job-18   Pending     (unscheduled)
  workload-job-19   Pending     (unscheduled)

  SUMMARY: scheduled=17/20 (52/67 units)  denied=0  maxFreeCompute=4/10  totalFree=8/60 (13%)  util=86.7%  idleWaste=$1.39  costPerJob=$0.565  probeSucceeded=false  valid=true

=== MostAllocated | load=110% | seed=5 ===
  Generated 20 jobs (target load 110%, total compute demand 68/60 units):
  NAME              UNITS  MEM(GB)  TYPE               DURATION(s)
  workload-job-0    5      13       batch-tolerant     887
  workload-job-1    5      21       latency-sensitive  2105
  workload-job-2    1      4        batch-tolerant     788
  workload-job-3    5      18       latency-sensitive  177
  workload-job-4    5      12       batch-tolerant     2613
  workload-job-5    3      8        batch-tolerant     147
  workload-job-6    1      4        batch-tolerant     120
  workload-job-7    3      6        latency-sensitive  187
  workload-job-8    1      3        batch-tolerant     1855
  workload-job-9    3      6        latency-sensitive  338
  workload-job-10   5      13       latency-sensitive  162
  workload-job-11   1      5        batch-tolerant     169
  workload-job-12   2      7        batch-tolerant     1785
  workload-job-13   6      13       batch-tolerant     3049
  workload-job-14   1      3        batch-tolerant     56
  workload-job-15   4      13       batch-tolerant     1543
  workload-job-16   6      18       batch-tolerant     2913
  workload-job-17   2      6        latency-sensitive  240
  workload-job-18   6      26       batch-tolerant     231
  workload-job-19   3      11       batch-tolerant     811
  Outcomes:
  NAME              STATUS      GPU
  workload-job-0    Running     GPU-4
  workload-job-1    Running     GPU-2
  workload-job-2    Running     GPU-2
  workload-job-3    Running     GPU-3
  workload-job-4    Running     GPU-3
  workload-job-5    Running     GPU-2
  workload-job-6    Running     GPU-2
  workload-job-7    Running     GPU-0
  workload-job-8    Running     GPU-4
  workload-job-9    Running     GPU-0
  workload-job-10   Running     GPU-1
  workload-job-11   Running     GPU-0
  workload-job-12   Running     GPU-0
  workload-job-13   Running     GPU-5
  workload-job-14   Running     GPU-5
  workload-job-15   Running     GPU-1
  workload-job-16   Pending     (unscheduled)
  workload-job-17   Pending     (unscheduled)
  workload-job-18   Pending     (unscheduled)
  workload-job-19   Pending     (unscheduled)

  SUMMARY: scheduled=16/20 (51/68 units)  denied=0  maxFreeCompute=4/10  totalFree=9/60 (15%)  util=85.0%  idleWaste=$1.56  costPerJob=$0.582  probeSucceeded=false  valid=true

=== MostAllocated | load=110% | seed=6 ===
  Generated 17 jobs (target load 110%, total compute demand 67/60 units):
  NAME              UNITS  MEM(GB)  TYPE               DURATION(s)
  workload-job-0    3      12       latency-sensitive  1629
  workload-job-1    1      1        batch-tolerant     1476
  workload-job-2    6      24       latency-sensitive  2187
  workload-job-3    3      5        batch-tolerant     48
  workload-job-4    1      1        latency-sensitive  918
  workload-job-5    5      19       batch-tolerant     1348
  workload-job-6    4      7        batch-tolerant     1109
  workload-job-7    3      8        latency-sensitive  35
  workload-job-8    1      1        batch-tolerant     1803
  workload-job-9    4      15       latency-sensitive  1001
  workload-job-10   5      20       batch-tolerant     63
  workload-job-11   6      17       batch-tolerant     849
  workload-job-12   6      16       batch-tolerant     246
  workload-job-13   6      22       latency-sensitive  2316
  workload-job-14   5      17       latency-sensitive  1718
  workload-job-15   5      18       batch-tolerant     484
  workload-job-16   3      10       latency-sensitive  2127
  Outcomes:
  NAME              STATUS      GPU
  workload-job-0    Running     GPU-3
  workload-job-1    Running     GPU-3
  workload-job-2    Running     GPU-3
  workload-job-3    Running     GPU-5
  workload-job-4    Running     GPU-2
  workload-job-5    Running     GPU-2
  workload-job-6    Running     GPU-2
  workload-job-7    Running     GPU-0
  workload-job-8    Running     GPU-5
  workload-job-9    Running     GPU-0
  workload-job-10   Running     GPU-1
  workload-job-11   Pending     (unscheduled)
  workload-job-12   Running     GPU-4
  workload-job-13   Pending     (unscheduled)
  workload-job-14   Running     GPU-1
  workload-job-15   Pending     (unscheduled)
  workload-job-16   Running     GPU-0

  SUMMARY: scheduled=14/17 (50/67 units)  denied=0  maxFreeCompute=6/10  totalFree=10/60 (17%)  util=83.3%  idleWaste=$1.73  costPerJob=$0.693  probeSucceeded=false  valid=true

=== MostAllocated | load=110% | seed=7 ===
  Generated 18 jobs (target load 110%, total compute demand 68/60 units):
  NAME              UNITS  MEM(GB)  TYPE               DURATION(s)
  workload-job-0    7      15       latency-sensitive  131
  workload-job-1    2      5        batch-tolerant     255
  workload-job-2    3      9        latency-sensitive  64
  workload-job-3    1      2        latency-sensitive  224
  workload-job-4    5      11       latency-sensitive  1872
  workload-job-5    2      4        batch-tolerant     2837
  workload-job-6    2      6        batch-tolerant     1666
  workload-job-7    3      6        batch-tolerant     158
  workload-job-8    3      12       latency-sensitive  104
  workload-job-9    3      14       batch-tolerant     213
  workload-job-10   2      7        batch-tolerant     1178
  workload-job-11   2      6        batch-tolerant     298
  workload-job-12   8      32       latency-sensitive  2107
  workload-job-13   5      13       batch-tolerant     3105
  workload-job-14   9      37       latency-sensitive  2086
  workload-job-15   4      14       batch-tolerant     250
  workload-job-16   2      8        batch-tolerant     184
  workload-job-17   5      22       latency-sensitive  853
  Outcomes:
  NAME              STATUS      GPU
  workload-job-0    Running     GPU-2
  workload-job-1    Running     GPU-2
  workload-job-2    Running     GPU-3
  workload-job-3    Running     GPU-2
  workload-job-4    Running     GPU-3
  workload-job-5    Running     GPU-3
  workload-job-6    Running     GPU-4
  workload-job-7    Running     GPU-4
  workload-job-8    Running     GPU-0
  workload-job-9    Running     GPU-5
  workload-job-10   Running     GPU-0
  workload-job-11   Running     GPU-0
  workload-job-12   Running     GPU-1
  workload-job-13   Pending     (unscheduled)
  workload-job-14   Pending     (unscheduled)
  workload-job-15   Pending     (unscheduled)
  workload-job-16   Running     GPU-1
  workload-job-17   Pending     (unscheduled)

  SUMMARY: scheduled=14/18 (45/68 units)  denied=0  maxFreeCompute=7/10  totalFree=15/60 (25%)  util=75.0%  idleWaste=$2.60  costPerJob=$0.619  probeSucceeded=false  valid=true

=== MostAllocated | load=110% | seed=8 ===
  Generated 25 jobs (target load 110%, total compute demand 68/60 units):
  NAME              UNITS  MEM(GB)  TYPE               DURATION(s)
  workload-job-0    1      3        latency-sensitive  72
  workload-job-1    3      7        batch-tolerant     91
  workload-job-2    1      2        latency-sensitive  350
  workload-job-3    3      12       batch-tolerant     406
  workload-job-4    3      10       latency-sensitive  1841
  workload-job-5    3      12       batch-tolerant     891
  workload-job-6    6      11       latency-sensitive  1846
  workload-job-7    3      12       latency-sensitive  1059
  workload-job-8    2      6        latency-sensitive  65
  workload-job-9    2      8        batch-tolerant     55
  workload-job-10   3      7        batch-tolerant     1733
  workload-job-11   1      4        batch-tolerant     2079
  workload-job-12   3      11       batch-tolerant     288
  workload-job-13   5      20       batch-tolerant     1531
  workload-job-14   4      7        batch-tolerant     247
  workload-job-15   2      5        batch-tolerant     3120
  workload-job-16   1      6        batch-tolerant     103
  workload-job-17   1      1        batch-tolerant     130
  workload-job-18   4      18       latency-sensitive  2614
  workload-job-19   3      13       latency-sensitive  162
  workload-job-20   3      11       latency-sensitive  75
  workload-job-21   1      3        batch-tolerant     104
  workload-job-22   3      4        latency-sensitive  1493
  workload-job-23   1      1        batch-tolerant     42
  workload-job-24   6      11       batch-tolerant     299
  Outcomes:
  NAME              STATUS      GPU
  workload-job-0    Running     GPU-3
  workload-job-1    Running     GPU-4
  workload-job-2    Running     GPU-3
  workload-job-3    Running     GPU-5
  workload-job-4    Running     GPU-3
  workload-job-5    Running     GPU-3
  workload-job-6    Running     GPU-2
  workload-job-7    Running     GPU-2
  workload-job-8    Running     GPU-3
  workload-job-9    Running     GPU-4
  workload-job-10   Running     GPU-0
  workload-job-11   Running     GPU-2
  workload-job-12   Running     GPU-0
  workload-job-13   Running     GPU-1
  workload-job-14   Running     GPU-0
  workload-job-15   Running     GPU-1
  workload-job-16   Running     GPU-1
  workload-job-17   Running     GPU-4
  workload-job-18   Pending     (unscheduled)
  workload-job-19   Pending     (unscheduled)
  workload-job-20   Pending     (unscheduled)
  workload-job-21   Running     GPU-5
  workload-job-22   Pending     (unscheduled)
  workload-job-23   Running     GPU-5
  workload-job-24   Pending     (unscheduled)

  SUMMARY: scheduled=20/25 (49/68 units)  denied=0  maxFreeCompute=5/10  totalFree=11/60 (18%)  util=81.7%  idleWaste=$1.91  costPerJob=$0.459  probeSucceeded=false  valid=true

=== MostAllocated | load=110% | seed=9 ===
  Generated 17 jobs (target load 110%, total compute demand 68/60 units):
  NAME              UNITS  MEM(GB)  TYPE               DURATION(s)
  workload-job-0    2      8        batch-tolerant     772
  workload-job-1    6      24       batch-tolerant     243
  workload-job-2    6      24       batch-tolerant     210
  workload-job-3    7      21       latency-sensitive  545
  workload-job-4    4      8        latency-sensitive  2195
  workload-job-5    1      3        latency-sensitive  2106
  workload-job-6    3      9        latency-sensitive  186
  workload-job-7    3      6        batch-tolerant     1695
  workload-job-8    2      7        latency-sensitive  735
  workload-job-9    6      19       latency-sensitive  675
  workload-job-10   2      6        batch-tolerant     394
  workload-job-11   3      11       batch-tolerant     291
  workload-job-12   2      8        latency-sensitive  74
  workload-job-13   8      26       latency-sensitive  1740
  workload-job-14   7      19       latency-sensitive  72
  workload-job-15   2      2        batch-tolerant     1820
  workload-job-16   4      17       latency-sensitive  112
  Outcomes:
  NAME              STATUS      GPU
  workload-job-0    Running     GPU-4
  workload-job-1    Running     GPU-3
  workload-job-2    Running     GPU-2
  workload-job-3    Running     GPU-0
  workload-job-4    Running     GPU-2
  workload-job-5    Running     GPU-3
  workload-job-6    Running     GPU-3
  workload-job-7    Running     GPU-4
  workload-job-8    Running     GPU-0
  workload-job-9    Running     GPU-1
  workload-job-10   Running     GPU-1
  workload-job-11   Running     GPU-5
  workload-job-12   Running     GPU-1
  workload-job-13   Pending     (unscheduled)
  workload-job-14   Pending     (unscheduled)
  workload-job-15   Running     GPU-4
  workload-job-16   Pending     (unscheduled)

  SUMMARY: scheduled=14/17 (49/68 units)  denied=0  maxFreeCompute=7/10  totalFree=11/60 (18%)  util=81.7%  idleWaste=$1.91  costPerJob=$0.671  probeSucceeded=false  valid=true

=== MostAllocated | load=110% | seed=10 ===
  Generated 18 jobs (target load 110%, total compute demand 67/60 units):
  NAME              UNITS  MEM(GB)  TYPE               DURATION(s)
  workload-job-0    2      8        batch-tolerant     2540
  workload-job-1    6      11       batch-tolerant     3112
  workload-job-2    7      29       batch-tolerant     3427
  workload-job-3    4      12       latency-sensitive  1397
  workload-job-4    1      3        latency-sensitive  172
  workload-job-5    5      13       batch-tolerant     1284
  workload-job-6    3      13       latency-sensitive  56
  workload-job-7    8      25       batch-tolerant     198
  workload-job-8    4      8        batch-tolerant     3055
  workload-job-9    2      5        latency-sensitive  2901
  workload-job-10   3      11       latency-sensitive  2777
  workload-job-11   2      9        batch-tolerant     42
  workload-job-12   4      8        batch-tolerant     219
  workload-job-13   2      9        batch-tolerant     3346
  workload-job-14   3      7        batch-tolerant     1279
  workload-job-15   3      5        latency-sensitive  717
  workload-job-16   2      5        latency-sensitive  44
  workload-job-17   6      23       latency-sensitive  1310
  Outcomes:
  NAME              STATUS      GPU
  workload-job-0    Running     GPU-4
  workload-job-1    Running     GPU-5
  workload-job-2    Running     GPU-3
  workload-job-3    Running     GPU-2
  workload-job-4    Running     GPU-3
  workload-job-5    Running     GPU-2
  workload-job-6    Running     GPU-0
  workload-job-7    Running     GPU-1
  workload-job-8    Running     GPU-4
  workload-job-9    Running     GPU-3
  workload-job-10   Running     GPU-0
  workload-job-11   Running     GPU-1
  workload-job-12   Running     GPU-0
  workload-job-13   Pending     (unscheduled)
  workload-job-14   Pending     (unscheduled)
  workload-job-15   Pending     (unscheduled)
  workload-job-16   Pending     (unscheduled)
  workload-job-17   Pending     (unscheduled)

  SUMMARY: scheduled=13/18 (51/67 units)  denied=0  maxFreeCompute=4/10  totalFree=9/60 (15%)  util=85.0%  idleWaste=$1.56  costPerJob=$0.745  probeSucceeded=false  valid=true

All runs complete.
=== Running OurWebhook (kind-gpu-scheduler) ===
Warning: Immediate deletion does not wait for confirmation that the running resource has been terminated. The resource may continue to run on the cluster indefinitely.
No resources found

=== OurWebhook | load=50% | seed=1 ===
  Generated 13 jobs (target load 50%, total compute demand 33/60 units):
  NAME              UNITS  MEM(GB)  TYPE               DURATION(s)
  workload-job-0    4      18       batch-tolerant     1826
  workload-job-1    2      6        latency-sensitive  150
  workload-job-2    3      4        latency-sensitive  173
  workload-job-3    3      9        batch-tolerant     989
  workload-job-4    4      13       batch-tolerant     430
  workload-job-5    1      1        batch-tolerant     106
  workload-job-6    1      3        batch-tolerant     62
  workload-job-7    1      5        batch-tolerant     506
  workload-job-8    1      1        latency-sensitive  2506
  workload-job-9    5      19       latency-sensitive  447
  workload-job-10   1      5        batch-tolerant     2678
  workload-job-11   2      9        batch-tolerant     109
  workload-job-12   5      21       batch-tolerant     579
  Outcomes:
  NAME              STATUS      GPU
  workload-job-0    Running     GPU-2
  workload-job-1    Running     GPU-2
  workload-job-2    Running     GPU-2
  workload-job-3    Running     GPU-4
  workload-job-4    Running     GPU-5
  workload-job-5    Running     GPU-2
  workload-job-6    Running     GPU-5
  workload-job-7    Running     GPU-4
  workload-job-8    Running     GPU-3
  workload-job-9    Running     GPU-3
  workload-job-10   Running     GPU-3
  workload-job-11   Running     GPU-3
  workload-job-12   Running     GPU-0

  SUMMARY: scheduled=13/13 (33/33 units)  denied=0  maxFreeCompute=10/10  totalFree=27/60 (45%)  util=55.0%  idleWaste=$4.68  costPerJob=$0.383  probeSucceeded=true  valid=true

=== OurWebhook | load=50% | seed=2 ===
  Generated 11 jobs (target load 50%, total compute demand 30/60 units):
  NAME              UNITS  MEM(GB)  TYPE               DURATION(s)
  workload-job-0    1      1        latency-sensitive  1031
  workload-job-1    2      2        latency-sensitive  81
  workload-job-2    6      20       batch-tolerant     2367
  workload-job-3    3      11       latency-sensitive  676
  workload-job-4    2      2        batch-tolerant     291
  workload-job-5    6      17       batch-tolerant     177
  workload-job-6    2      9        batch-tolerant     206
  workload-job-7    2      6        batch-tolerant     1294
  workload-job-8    1      1        batch-tolerant     997
  workload-job-9    3      11       batch-tolerant     1179
  workload-job-10   2      8        latency-sensitive  288
  Outcomes:
  NAME              STATUS      GPU
  workload-job-0    Running     GPU-2
  workload-job-1    Running     GPU-2
  workload-job-2    Running     GPU-2
  workload-job-3    Running     GPU-3
  workload-job-4    Running     GPU-3
  workload-job-5    Running     GPU-0
  workload-job-6    Running     GPU-3
  workload-job-7    Running     GPU-3
  workload-job-8    Running     GPU-3
  workload-job-9    Running     GPU-0
  workload-job-10   Running     GPU-1

  SUMMARY: scheduled=11/11 (30/30 units)  denied=0  maxFreeCompute=10/10  totalFree=30/60 (50%)  util=50.0%  idleWaste=$5.20  costPerJob=$0.559  probeSucceeded=true  valid=true

=== OurWebhook | load=50% | seed=3 ===
  Generated 5 jobs (target load 50%, total compute demand 30/60 units):
  NAME              UNITS  MEM(GB)  TYPE               DURATION(s)
  workload-job-0    6      10       latency-sensitive  143
  workload-job-1    1      1        latency-sensitive  1928
  workload-job-2    9      19       batch-tolerant     92
  workload-job-3    9      26       batch-tolerant     855
  workload-job-4    5      20       batch-tolerant     753
  Outcomes:
  NAME              STATUS      GPU
  workload-job-0    Running     GPU-2
  workload-job-1    Running     GPU-2
  workload-job-2    Running     GPU-3
  workload-job-3    Running     GPU-0
  workload-job-4    Running     GPU-1

  SUMMARY: scheduled=5/5 (30/30 units)  denied=0  maxFreeCompute=10/10  totalFree=30/60 (50%)  util=50.0%  idleWaste=$5.20  costPerJob=$1.320  probeSucceeded=true  valid=true

=== OurWebhook | load=50% | seed=4 ===
  Generated 10 jobs (target load 50%, total compute demand 31/60 units):
  NAME              UNITS  MEM(GB)  TYPE               DURATION(s)
  workload-job-0    2      4        batch-tolerant     248
  workload-job-1    2      4        latency-sensitive  237
  workload-job-2    2      7        batch-tolerant     189
  workload-job-3    5      14       latency-sensitive  108
  workload-job-4    2      7        batch-tolerant     1840
  workload-job-5    2      5        batch-tolerant     171
  workload-job-6    3      10       latency-sensitive  170
  workload-job-7    1      2        batch-tolerant     2755
  workload-job-8    7      16       batch-tolerant     102
  workload-job-9    5      9        batch-tolerant     125
  Outcomes:
  NAME              STATUS      GPU
  workload-job-0    Running     GPU-4
  workload-job-1    Running     GPU-2
  workload-job-2    Running     GPU-4
  workload-job-3    Running     GPU-2
  workload-job-4    Running     GPU-2
  workload-job-5    Running     GPU-4
  workload-job-6    Running     GPU-3
  workload-job-7    Running     GPU-2
  workload-job-8    Running     GPU-5
  workload-job-9    Running     GPU-3

  SUMMARY: scheduled=10/10 (31/31 units)  denied=0  maxFreeCompute=10/10  totalFree=29/60 (48%)  util=51.7%  idleWaste=$5.03  costPerJob=$0.361  probeSucceeded=true  valid=true

=== OurWebhook | load=50% | seed=5 ===
  Generated 10 jobs (target load 50%, total compute demand 32/60 units):
  NAME              UNITS  MEM(GB)  TYPE               DURATION(s)
  workload-job-0    5      13       batch-tolerant     887
  workload-job-1    5      21       latency-sensitive  2105
  workload-job-2    1      4        batch-tolerant     788
  workload-job-3    5      18       latency-sensitive  177
  workload-job-4    5      12       batch-tolerant     2613
  workload-job-5    3      8        batch-tolerant     147
  workload-job-6    1      4        batch-tolerant     120
  workload-job-7    3      6        latency-sensitive  187
  workload-job-8    1      3        batch-tolerant     1855
  workload-job-9    3      6        latency-sensitive  338
  Outcomes:
  NAME              STATUS      GPU
  workload-job-0    Running     GPU-4
  workload-job-1    Running     GPU-2
  workload-job-2    Running     GPU-2
  workload-job-3    Running     GPU-3
  workload-job-4    Running     GPU-3
  workload-job-5    Running     GPU-2
  workload-job-6    Running     GPU-2
  workload-job-7    Running     GPU-0
  workload-job-8    Running     GPU-4
  workload-job-9    Running     GPU-0

  SUMMARY: scheduled=10/10 (32/32 units)  denied=0  maxFreeCompute=10/10  totalFree=28/60 (47%)  util=53.3%  idleWaste=$4.85  costPerJob=$0.522  probeSucceeded=true  valid=true

=== OurWebhook | load=50% | seed=6 ===
  Generated 10 jobs (target load 50%, total compute demand 31/60 units):
  NAME              UNITS  MEM(GB)  TYPE               DURATION(s)
  workload-job-0    3      12       latency-sensitive  1629
  workload-job-1    1      1        batch-tolerant     1476
  workload-job-2    6      24       latency-sensitive  2187
  workload-job-3    3      5        batch-tolerant     48
  workload-job-4    1      1        latency-sensitive  918
  workload-job-5    5      19       batch-tolerant     1348
  workload-job-6    4      7        batch-tolerant     1109
  workload-job-7    3      8        latency-sensitive  35
  workload-job-8    1      1        batch-tolerant     1803
  workload-job-9    4      15       latency-sensitive  1001
  Outcomes:
  NAME              STATUS      GPU
  workload-job-0    Running     GPU-2
  workload-job-1    Running     GPU-2
  workload-job-2    Running     GPU-2
  workload-job-3    Running     GPU-4
  workload-job-4    Running     GPU-3
  workload-job-5    Running     GPU-3
  workload-job-6    Running     GPU-3
  workload-job-7    Running     GPU-0
  workload-job-8    Running     GPU-4
  workload-job-9    Running     GPU-0

  SUMMARY: scheduled=10/10 (31/31 units)  denied=0  maxFreeCompute=10/10  totalFree=29/60 (48%)  util=51.7%  idleWaste=$5.03  costPerJob=$0.538  probeSucceeded=true  valid=true

=== OurWebhook | load=50% | seed=7 ===
  Generated 10 jobs (target load 50%, total compute demand 31/60 units):
  NAME              UNITS  MEM(GB)  TYPE               DURATION(s)
  workload-job-0    7      15       latency-sensitive  131
  workload-job-1    2      5        batch-tolerant     255
  workload-job-2    3      9        latency-sensitive  64
  workload-job-3    1      2        latency-sensitive  224
  workload-job-4    5      11       latency-sensitive  1872
  workload-job-5    2      4        batch-tolerant     2837
  workload-job-6    2      6        batch-tolerant     1666
  workload-job-7    3      6        batch-tolerant     158
  workload-job-8    3      12       latency-sensitive  104
  workload-job-9    3      14       batch-tolerant     213
  Outcomes:
  NAME              STATUS      GPU
  workload-job-0    Running     GPU-2
  workload-job-1    Running     GPU-2
  workload-job-2    Running     GPU-3
  workload-job-3    Running     GPU-2
  workload-job-4    Running     GPU-3
  workload-job-5    Running     GPU-3
  workload-job-6    Running     GPU-4
  workload-job-7    Running     GPU-4
  workload-job-8    Running     GPU-0
  workload-job-9    Running     GPU-5

  SUMMARY: scheduled=10/10 (31/31 units)  denied=0  maxFreeCompute=10/10  totalFree=29/60 (48%)  util=51.7%  idleWaste=$5.03  costPerJob=$0.446  probeSucceeded=true  valid=true

=== OurWebhook | load=50% | seed=8 ===
  Generated 11 jobs (target load 50%, total compute demand 30/60 units):
  NAME              UNITS  MEM(GB)  TYPE               DURATION(s)
  workload-job-0    1      3        latency-sensitive  72
  workload-job-1    3      7        batch-tolerant     91
  workload-job-2    1      2        latency-sensitive  350
  workload-job-3    3      12       batch-tolerant     406
  workload-job-4    3      10       latency-sensitive  1841
  workload-job-5    3      12       batch-tolerant     891
  workload-job-6    6      11       latency-sensitive  1846
  workload-job-7    3      12       latency-sensitive  1059
  workload-job-8    2      6        latency-sensitive  65
  workload-job-9    2      8        batch-tolerant     55
  workload-job-10   3      7        batch-tolerant     1733
  Outcomes:
  NAME              STATUS      GPU
  workload-job-0    Running     GPU-2
  workload-job-1    Running     GPU-4
  workload-job-2    Running     GPU-2
  workload-job-3    Running     GPU-5
  workload-job-4    Running     GPU-2
  workload-job-5    Running     GPU-2
  workload-job-6    Running     GPU-3
  workload-job-7    Running     GPU-3
  workload-job-8    Running     GPU-2
  workload-job-9    Running     GPU-4
  workload-job-10   Running     GPU-0

  SUMMARY: scheduled=11/11 (30/30 units)  denied=0  maxFreeCompute=10/10  totalFree=30/60 (50%)  util=50.0%  idleWaste=$5.20  costPerJob=$0.392  probeSucceeded=true  valid=true

=== OurWebhook | load=50% | seed=9 ===
  Generated 8 jobs (target load 50%, total compute demand 32/60 units):
  NAME              UNITS  MEM(GB)  TYPE               DURATION(s)
  workload-job-0    2      8        batch-tolerant     772
  workload-job-1    6      24       batch-tolerant     243
  workload-job-2    6      24       batch-tolerant     210
  workload-job-3    7      21       latency-sensitive  545
  workload-job-4    4      8        latency-sensitive  2195
  workload-job-5    1      3        latency-sensitive  2106
  workload-job-6    3      9        latency-sensitive  186
  workload-job-7    3      6        batch-tolerant     1695
  Outcomes:
  NAME              STATUS      GPU
  workload-job-0    Running     GPU-4
  workload-job-1    Running     GPU-2
  workload-job-2    Running     GPU-3
  workload-job-3    Running     GPU-0
  workload-job-4    Running     GPU-2
  workload-job-5    Running     GPU-3
  workload-job-6    Running     GPU-3
  workload-job-7    Running     GPU-4

  SUMMARY: scheduled=8/8 (32/32 units)  denied=0  maxFreeCompute=10/10  totalFree=28/60 (47%)  util=53.3%  idleWaste=$4.85  costPerJob=$0.681  probeSucceeded=true  valid=true

=== OurWebhook | load=50% | seed=10 ===
  Generated 8 jobs (target load 50%, total compute demand 36/60 units):
  NAME              UNITS  MEM(GB)  TYPE               DURATION(s)
  workload-job-0    2      8        batch-tolerant     2540
  workload-job-1    6      11       batch-tolerant     3112
  workload-job-2    7      29       batch-tolerant     3427
  workload-job-3    4      12       latency-sensitive  1397
  workload-job-4    1      3        latency-sensitive  172
  workload-job-5    5      13       batch-tolerant     1284
  workload-job-6    3      13       latency-sensitive  56
  workload-job-7    8      25       batch-tolerant     198
  Outcomes:
  NAME              STATUS      GPU
  workload-job-0    Running     GPU-4
  workload-job-1    Running     GPU-5
  workload-job-2    Running     GPU-2
  workload-job-3    Running     GPU-3
  workload-job-4    Running     GPU-2
  workload-job-5    Running     GPU-3
  workload-job-6    Running     GPU-0
  workload-job-7    Running     GPU-1

  SUMMARY: scheduled=8/8 (36/36 units)  denied=0  maxFreeCompute=8/10  totalFree=24/60 (40%)  util=60.0%  idleWaste=$4.16  costPerJob=$0.801  probeSucceeded=false  valid=true

=== OurWebhook | load=75% | seed=1 ===
  Generated 17 jobs (target load 75%, total compute demand 45/60 units):
  NAME              UNITS  MEM(GB)  TYPE               DURATION(s)
  workload-job-0    4      18       batch-tolerant     1826
  workload-job-1    2      6        latency-sensitive  150
  workload-job-2    3      4        latency-sensitive  173
  workload-job-3    3      9        batch-tolerant     989
  workload-job-4    4      13       batch-tolerant     430
  workload-job-5    1      1        batch-tolerant     106
  workload-job-6    1      3        batch-tolerant     62
  workload-job-7    1      5        batch-tolerant     506
  workload-job-8    1      1        latency-sensitive  2506
  workload-job-9    5      19       latency-sensitive  447
  workload-job-10   1      5        batch-tolerant     2678
  workload-job-11   2      9        batch-tolerant     109
  workload-job-12   5      21       batch-tolerant     579
  workload-job-13   1      1        batch-tolerant     2944
  workload-job-14   3      5        batch-tolerant     1188
  workload-job-15   5      13       batch-tolerant     854
  workload-job-16   3      6        batch-tolerant     472
  Outcomes:
  NAME              STATUS      GPU
  workload-job-0    Running     GPU-2
  workload-job-1    Running     GPU-2
  workload-job-2    Running     GPU-2
  workload-job-3    Running     GPU-4
  workload-job-4    Running     GPU-5
  workload-job-5    Running     GPU-2
  workload-job-6    Running     GPU-5
  workload-job-7    Running     GPU-4
  workload-job-8    Running     GPU-3
  workload-job-9    Running     GPU-3
  workload-job-10   Running     GPU-3
  workload-job-11   Running     GPU-3
  workload-job-12   Running     GPU-0
  workload-job-13   Running     GPU-3
  workload-job-14   Running     GPU-0
  workload-job-15   Running     GPU-1
  workload-job-16   Running     GPU-1

  SUMMARY: scheduled=17/17 (45/45 units)  denied=0  maxFreeCompute=6/10  totalFree=15/60 (25%)  util=75.0%  idleWaste=$2.60  costPerJob=$0.496  probeSucceeded=false  valid=true

=== OurWebhook | load=75% | seed=2 ===
  Generated 17 jobs (target load 75%, total compute demand 46/60 units):
  NAME              UNITS  MEM(GB)  TYPE               DURATION(s)
  workload-job-0    1      1        latency-sensitive  1031
  workload-job-1    2      2        latency-sensitive  81
  workload-job-2    6      20       batch-tolerant     2367
  workload-job-3    3      11       latency-sensitive  676
  workload-job-4    2      2        batch-tolerant     291
  workload-job-5    6      17       batch-tolerant     177
  workload-job-6    2      9        batch-tolerant     206
  workload-job-7    2      6        batch-tolerant     1294
  workload-job-8    1      1        batch-tolerant     997
  workload-job-9    3      11       batch-tolerant     1179
  workload-job-10   2      8        latency-sensitive  288
  workload-job-11   2      7        latency-sensitive  1476
  workload-job-12   1      5        batch-tolerant     49
  workload-job-13   2      8        batch-tolerant     328
  workload-job-14   1      2        latency-sensitive  141
  workload-job-15   6      12       latency-sensitive  1478
  workload-job-16   4      10       batch-tolerant     1894
2026/08/11 11:06:02 webhook correctly denied workload-job-15 (no fit): admission webhook "gpu-scheduler.simulated.com" denied the request: no GPU has sufficient free compute and memory capacity
  Outcomes:
  NAME              STATUS      GPU
  workload-job-0    Running     GPU-2
  workload-job-1    Running     GPU-2
  workload-job-2    Running     GPU-2
  workload-job-3    Running     GPU-3
  workload-job-4    Running     GPU-3
  workload-job-5    Running     GPU-0
  workload-job-6    Running     GPU-3
  workload-job-7    Running     GPU-3
  workload-job-8    Running     GPU-3
  workload-job-9    Running     GPU-0
  workload-job-10   Running     GPU-1
  workload-job-11   Running     GPU-1
  workload-job-12   Running     GPU-2
  workload-job-13   Running     GPU-1
  workload-job-14   Running     GPU-0
  workload-job-15   (denied or not found)
  workload-job-16   Running     GPU-1

  SUMMARY: scheduled=16/17 (40/46 units)  denied=1  maxFreeCompute=10/10  totalFree=20/60 (33%)  util=66.7%  idleWaste=$3.47  costPerJob=$0.562  probeSucceeded=true  valid=true

=== OurWebhook | load=75% | seed=3 ===
  Generated 9 jobs (target load 75%, total compute demand 50/60 units):
  NAME              UNITS  MEM(GB)  TYPE               DURATION(s)
  workload-job-0    6      10       latency-sensitive  143
  workload-job-1    1      1        latency-sensitive  1928
  workload-job-2    9      19       batch-tolerant     92
  workload-job-3    9      26       batch-tolerant     855
  workload-job-4    5      20       batch-tolerant     753
  workload-job-5    8      31       latency-sensitive  226
  workload-job-6    3      6        batch-tolerant     3314
  workload-job-7    3      8        latency-sensitive  127
  workload-job-8    6      19       latency-sensitive  288
2026/08/11 11:06:49 webhook correctly denied workload-job-5 (no fit): admission webhook "gpu-scheduler.simulated.com" denied the request: no GPU has sufficient free compute and memory capacity
2026/08/11 11:06:54 webhook correctly denied workload-job-8 (no fit): admission webhook "gpu-scheduler.simulated.com" denied the request: no GPU has sufficient free compute and memory capacity
  Outcomes:
  NAME              STATUS      GPU
  workload-job-0    Running     GPU-2
  workload-job-1    Running     GPU-2
  workload-job-2    Running     GPU-3
  workload-job-3    Running     GPU-0
  workload-job-4    Running     GPU-1
  workload-job-5    (denied or not found)
  workload-job-6    Running     GPU-2
  workload-job-7    Running     GPU-1
  workload-job-8    (denied or not found)

  SUMMARY: scheduled=7/9 (36/50 units)  denied=2  maxFreeCompute=10/10  totalFree=24/60 (40%)  util=60.0%  idleWaste=$4.16  costPerJob=$1.136  probeSucceeded=true  valid=true

=== OurWebhook | load=75% | seed=4 ===
  Generated 14 jobs (target load 75%, total compute demand 46/60 units):
  NAME              UNITS  MEM(GB)  TYPE               DURATION(s)
  workload-job-0    2      4        batch-tolerant     248
  workload-job-1    2      4        latency-sensitive  237
  workload-job-2    2      7        batch-tolerant     189
  workload-job-3    5      14       latency-sensitive  108
  workload-job-4    2      7        batch-tolerant     1840
  workload-job-5    2      5        batch-tolerant     171
  workload-job-6    3      10       latency-sensitive  170
  workload-job-7    1      2        batch-tolerant     2755
  workload-job-8    7      16       batch-tolerant     102
  workload-job-9    5      9        batch-tolerant     125
  workload-job-10   5      8        latency-sensitive  2284
  workload-job-11   3      7        latency-sensitive  3173
  workload-job-12   5      8        latency-sensitive  258
  workload-job-13   2      4        batch-tolerant     1331
  Outcomes:
  NAME              STATUS      GPU
  workload-job-0    Running     GPU-4
  workload-job-1    Running     GPU-2
  workload-job-2    Running     GPU-4
  workload-job-3    Running     GPU-2
  workload-job-4    Running     GPU-2
  workload-job-5    Running     GPU-4
  workload-job-6    Running     GPU-3
  workload-job-7    Running     GPU-2
  workload-job-8    Running     GPU-5
  workload-job-9    Running     GPU-3
  workload-job-10   Running     GPU-0
  workload-job-11   Running     GPU-0
  workload-job-12   Running     GPU-1
  workload-job-13   Running     GPU-3

  SUMMARY: scheduled=14/14 (46/46 units)  denied=0  maxFreeCompute=5/10  totalFree=14/60 (23%)  util=76.7%  idleWaste=$2.43  costPerJob=$0.558  probeSucceeded=false  valid=true

=== OurWebhook | load=75% | seed=5 ===
  Generated 14 jobs (target load 75%, total compute demand 46/60 units):
  NAME              UNITS  MEM(GB)  TYPE               DURATION(s)
  workload-job-0    5      13       batch-tolerant     887
  workload-job-1    5      21       latency-sensitive  2105
  workload-job-2    1      4        batch-tolerant     788
  workload-job-3    5      18       latency-sensitive  177
  workload-job-4    5      12       batch-tolerant     2613
  workload-job-5    3      8        batch-tolerant     147
  workload-job-6    1      4        batch-tolerant     120
  workload-job-7    3      6        latency-sensitive  187
  workload-job-8    1      3        batch-tolerant     1855
  workload-job-9    3      6        latency-sensitive  338
  workload-job-10   5      13       latency-sensitive  162
  workload-job-11   1      5        batch-tolerant     169
  workload-job-12   2      7        batch-tolerant     1785
  workload-job-13   6      13       batch-tolerant     3049
  Outcomes:
  NAME              STATUS      GPU
  workload-job-0    Running     GPU-4
  workload-job-1    Running     GPU-2
  workload-job-2    Running     GPU-2
  workload-job-3    Running     GPU-3
  workload-job-4    Running     GPU-3
  workload-job-5    Running     GPU-2
  workload-job-6    Running     GPU-2
  workload-job-7    Running     GPU-0
  workload-job-8    Running     GPU-4
  workload-job-9    Running     GPU-0
  workload-job-10   Running     GPU-1
  workload-job-11   Running     GPU-0
  workload-job-12   Running     GPU-0
  workload-job-13   Running     GPU-5

  SUMMARY: scheduled=14/14 (46/46 units)  denied=0  maxFreeCompute=5/10  totalFree=14/60 (23%)  util=76.7%  idleWaste=$2.43  costPerJob=$0.574  probeSucceeded=false  valid=true

=== OurWebhook | load=75% | seed=6 ===
  Generated 13 jobs (target load 75%, total compute demand 48/60 units):
  NAME              UNITS  MEM(GB)  TYPE               DURATION(s)
  workload-job-0    3      12       latency-sensitive  1629
  workload-job-1    1      1        batch-tolerant     1476
  workload-job-2    6      24       latency-sensitive  2187
  workload-job-3    3      5        batch-tolerant     48
  workload-job-4    1      1        latency-sensitive  918
  workload-job-5    5      19       batch-tolerant     1348
  workload-job-6    4      7        batch-tolerant     1109
  workload-job-7    3      8        latency-sensitive  35
  workload-job-8    1      1        batch-tolerant     1803
  workload-job-9    4      15       latency-sensitive  1001
  workload-job-10   5      20       batch-tolerant     63
  workload-job-11   6      17       batch-tolerant     849
  workload-job-12   6      16       batch-tolerant     246
2026/08/11 11:09:52 webhook correctly denied workload-job-11 (no fit): admission webhook "gpu-scheduler.simulated.com" denied the request: no GPU has sufficient free compute and memory capacity
  Outcomes:
  NAME              STATUS      GPU
  workload-job-0    Running     GPU-2
  workload-job-1    Running     GPU-2
  workload-job-2    Running     GPU-2
  workload-job-3    Running     GPU-4
  workload-job-4    Running     GPU-3
  workload-job-5    Running     GPU-3
  workload-job-6    Running     GPU-3
  workload-job-7    Running     GPU-0
  workload-job-8    Running     GPU-4
  workload-job-9    Running     GPU-0
  workload-job-10   Running     GPU-1
  workload-job-11   (denied or not found)
  workload-job-12   Running     GPU-5

  SUMMARY: scheduled=12/13 (42/48 units)  denied=1  maxFreeCompute=6/10  totalFree=18/60 (30%)  util=70.0%  idleWaste=$3.12  costPerJob=$0.608  probeSucceeded=false  valid=true

=== OurWebhook | load=75% | seed=7 ===
  Generated 14 jobs (target load 75%, total compute demand 48/60 units):
  NAME              UNITS  MEM(GB)  TYPE               DURATION(s)
  workload-job-0    7      15       latency-sensitive  131
  workload-job-1    2      5        batch-tolerant     255
  workload-job-2    3      9        latency-sensitive  64
  workload-job-3    1      2        latency-sensitive  224
  workload-job-4    5      11       latency-sensitive  1872
  workload-job-5    2      4        batch-tolerant     2837
  workload-job-6    2      6        batch-tolerant     1666
  workload-job-7    3      6        batch-tolerant     158
  workload-job-8    3      12       latency-sensitive  104
  workload-job-9    3      14       batch-tolerant     213
  workload-job-10   2      7        batch-tolerant     1178
  workload-job-11   2      6        batch-tolerant     298
  workload-job-12   8      32       latency-sensitive  2107
  workload-job-13   5      13       batch-tolerant     3105
  Outcomes:
  NAME              STATUS      GPU
  workload-job-0    Running     GPU-2
  workload-job-1    Running     GPU-2
  workload-job-2    Pending     (unscheduled)
  workload-job-3    Running     GPU-2
  workload-job-4    Running     GPU-3
  workload-job-5    Running     GPU-4
  workload-job-6    Running     GPU-3
  workload-job-7    Running     GPU-3
  workload-job-8    Pending     (unscheduled)
  workload-job-9    Running     GPU-5
  workload-job-10   Running     GPU-4
  workload-job-11   Running     GPU-0
  workload-job-12   Running     GPU-0
  workload-job-13   Running     GPU-1

  SUMMARY: scheduled=12/14 (42/48 units)  denied=0  maxFreeCompute=7/10  totalFree=18/60 (30%)  util=70.0%  idleWaste=$3.12  costPerJob=$0.666  probeSucceeded=false  valid=true

=== OurWebhook | load=75% | seed=8 ===
  Generated 16 jobs (target load 75%, total compute demand 45/60 units):
  NAME              UNITS  MEM(GB)  TYPE               DURATION(s)
  workload-job-0    1      3        latency-sensitive  72
  workload-job-1    3      7        batch-tolerant     91
  workload-job-2    1      2        latency-sensitive  350
  workload-job-3    3      12       batch-tolerant     406
  workload-job-4    3      10       latency-sensitive  1841
  workload-job-5    3      12       batch-tolerant     891
  workload-job-6    6      11       latency-sensitive  1846
  workload-job-7    3      12       latency-sensitive  1059
  workload-job-8    2      6        latency-sensitive  65
  workload-job-9    2      8        batch-tolerant     55
  workload-job-10   3      7        batch-tolerant     1733
  workload-job-11   1      4        batch-tolerant     2079
  workload-job-12   3      11       batch-tolerant     288
  workload-job-13   5      20       batch-tolerant     1531
  workload-job-14   4      7        batch-tolerant     247
  workload-job-15   2      5        batch-tolerant     3120
  Outcomes:
  NAME              STATUS      GPU
  workload-job-0    Running     GPU-2
  workload-job-1    Running     GPU-4
  workload-job-2    Running     GPU-2
  workload-job-3    Running     GPU-5
  workload-job-4    Running     GPU-2
  workload-job-5    Running     GPU-2
  workload-job-6    Running     GPU-3
  workload-job-7    Running     GPU-3
  workload-job-8    Running     GPU-2
  workload-job-9    Running     GPU-4
  workload-job-10   Running     GPU-4
  workload-job-11   Running     GPU-3
  workload-job-12   Running     GPU-0
  workload-job-13   Running     GPU-0
  workload-job-14   Running     GPU-1
  workload-job-15   Running     GPU-0

  SUMMARY: scheduled=16/16 (45/45 units)  denied=0  maxFreeCompute=7/10  totalFree=15/60 (25%)  util=75.0%  idleWaste=$2.60  costPerJob=$0.498  probeSucceeded=false  valid=true

=== OurWebhook | load=75% | seed=9 ===
  Generated 12 jobs (target load 75%, total compute demand 45/60 units):
  NAME              UNITS  MEM(GB)  TYPE               DURATION(s)
  workload-job-0    2      8        batch-tolerant     772
  workload-job-1    6      24       batch-tolerant     243
  workload-job-2    6      24       batch-tolerant     210
  workload-job-3    7      21       latency-sensitive  545
  workload-job-4    4      8        latency-sensitive  2195
  workload-job-5    1      3        latency-sensitive  2106
  workload-job-6    3      9        latency-sensitive  186
  workload-job-7    3      6        batch-tolerant     1695
  workload-job-8    2      7        latency-sensitive  735
  workload-job-9    6      19       latency-sensitive  675
  workload-job-10   2      6        batch-tolerant     394
  workload-job-11   3      11       batch-tolerant     291
  Outcomes:
  NAME              STATUS      GPU
  workload-job-0    Running     GPU-4
  workload-job-1    Running     GPU-2
  workload-job-2    Running     GPU-3
  workload-job-3    Running     GPU-0
  workload-job-4    Running     GPU-2
  workload-job-5    Running     GPU-3
  workload-job-6    Running     GPU-3
  workload-job-7    Running     GPU-4
  workload-job-8    Running     GPU-0
  workload-job-9    Running     GPU-1
  workload-job-10   Running     GPU-1
  workload-job-11   Running     GPU-5

  SUMMARY: scheduled=12/12 (45/45 units)  denied=0  maxFreeCompute=7/10  totalFree=15/60 (25%)  util=75.0%  idleWaste=$2.60  costPerJob=$0.722  probeSucceeded=false  valid=true

=== OurWebhook | load=75% | seed=10 ===
  Generated 11 jobs (target load 75%, total compute demand 45/60 units):
  NAME              UNITS  MEM(GB)  TYPE               DURATION(s)
  workload-job-0    2      8        batch-tolerant     2540
  workload-job-1    6      11       batch-tolerant     3112
  workload-job-2    7      29       batch-tolerant     3427
  workload-job-3    4      12       latency-sensitive  1397
  workload-job-4    1      3        latency-sensitive  172
  workload-job-5    5      13       batch-tolerant     1284
  workload-job-6    3      13       latency-sensitive  56
  workload-job-7    8      25       batch-tolerant     198
  workload-job-8    4      8        batch-tolerant     3055
  workload-job-9    2      5        latency-sensitive  2901
  workload-job-10   3      11       latency-sensitive  2777
  Outcomes:
  NAME              STATUS      GPU
  workload-job-0    Running     GPU-4
  workload-job-1    Running     GPU-5
  workload-job-2    Running     GPU-2
  workload-job-3    Running     GPU-3
  workload-job-4    Running     GPU-2
  workload-job-5    Running     GPU-3
  workload-job-6    Running     GPU-0
  workload-job-7    Running     GPU-1
  workload-job-8    Running     GPU-4
  workload-job-9    Running     GPU-2
  workload-job-10   Running     GPU-0

  SUMMARY: scheduled=11/11 (45/45 units)  denied=0  maxFreeCompute=4/10  totalFree=15/60 (25%)  util=75.0%  idleWaste=$2.60  costPerJob=$0.717  probeSucceeded=false  valid=true

=== OurWebhook | load=90% | seed=1 ===
  Generated 20 jobs (target load 90%, total compute demand 60/60 units):
  NAME              UNITS  MEM(GB)  TYPE               DURATION(s)
  workload-job-0    4      18       batch-tolerant     1826
  workload-job-1    2      6        latency-sensitive  150
  workload-job-2    3      4        latency-sensitive  173
  workload-job-3    3      9        batch-tolerant     989
  workload-job-4    4      13       batch-tolerant     430
  workload-job-5    1      1        batch-tolerant     106
  workload-job-6    1      3        batch-tolerant     62
  workload-job-7    1      5        batch-tolerant     506
  workload-job-8    1      1        latency-sensitive  2506
  workload-job-9    5      19       latency-sensitive  447
  workload-job-10   1      5        batch-tolerant     2678
  workload-job-11   2      9        batch-tolerant     109
  workload-job-12   5      21       batch-tolerant     579
  workload-job-13   1      1        batch-tolerant     2944
  workload-job-14   3      5        batch-tolerant     1188
  workload-job-15   5      13       batch-tolerant     854
  workload-job-16   3      6        batch-tolerant     472
  workload-job-17   6      17       latency-sensitive  123
  workload-job-18   2      5        latency-sensitive  126
  workload-job-19   7      22       batch-tolerant     189
2026/08/11 11:15:14 webhook correctly denied workload-job-17 (no fit): admission webhook "gpu-scheduler.simulated.com" denied the request: no GPU has sufficient free compute and memory capacity
2026/08/11 11:15:17 webhook correctly denied workload-job-19 (no fit): admission webhook "gpu-scheduler.simulated.com" denied the request: no GPU has sufficient free compute and memory capacity
  Outcomes:
  NAME              STATUS      GPU
  workload-job-0    Running     GPU-2
  workload-job-1    Running     GPU-2
  workload-job-2    Running     GPU-2
  workload-job-3    Running     GPU-4
  workload-job-4    Running     GPU-5
  workload-job-5    Running     GPU-2
  workload-job-6    Running     GPU-5
  workload-job-7    Running     GPU-4
  workload-job-8    Running     GPU-3
  workload-job-9    Running     GPU-3
  workload-job-10   Running     GPU-3
  workload-job-11   Running     GPU-3
  workload-job-12   Running     GPU-0
  workload-job-13   Running     GPU-3
  workload-job-14   Running     GPU-0
  workload-job-15   Running     GPU-1
  workload-job-16   Running     GPU-1
  workload-job-17   (denied or not found)
  workload-job-18   Running     GPU-0
  workload-job-19   (denied or not found)

  SUMMARY: scheduled=18/20 (47/60 units)  denied=2  maxFreeCompute=6/10  totalFree=13/60 (22%)  util=78.3%  idleWaste=$2.25  costPerJob=$0.502  probeSucceeded=false  valid=true

=== OurWebhook | load=90% | seed=2 ===
  Generated 21 jobs (target load 90%, total compute demand 56/60 units):
  NAME              UNITS  MEM(GB)  TYPE               DURATION(s)
  workload-job-0    1      1        latency-sensitive  1031
  workload-job-1    2      2        latency-sensitive  81
  workload-job-2    6      20       batch-tolerant     2367
  workload-job-3    3      11       latency-sensitive  676
  workload-job-4    2      2        batch-tolerant     291
  workload-job-5    6      17       batch-tolerant     177
  workload-job-6    2      9        batch-tolerant     206
  workload-job-7    2      6        batch-tolerant     1294
  workload-job-8    1      1        batch-tolerant     997
  workload-job-9    3      11       batch-tolerant     1179
  workload-job-10   2      8        latency-sensitive  288
  workload-job-11   2      7        latency-sensitive  1476
  workload-job-12   1      5        batch-tolerant     49
  workload-job-13   2      8        batch-tolerant     328
  workload-job-14   1      2        latency-sensitive  141
  workload-job-15   6      12       latency-sensitive  1478
  workload-job-16   4      10       batch-tolerant     1894
  workload-job-17   1      2        latency-sensitive  174
  workload-job-18   4      17       batch-tolerant     2725
  workload-job-19   2      7        batch-tolerant     1848
  workload-job-20   3      7        batch-tolerant     207
2026/08/11 11:16:22 webhook correctly denied workload-job-15 (no fit): admission webhook "gpu-scheduler.simulated.com" denied the request: no GPU has sufficient free compute and memory capacity
2026/08/11 11:16:24 webhook correctly denied workload-job-17 (no fit): admission webhook "gpu-scheduler.simulated.com" denied the request: no GPU has sufficient free compute and memory capacity
2026/08/11 11:16:24 webhook correctly denied workload-job-18 (no fit): admission webhook "gpu-scheduler.simulated.com" denied the request: no GPU has sufficient free compute and memory capacity
  Outcomes:
  NAME              STATUS      GPU
  workload-job-0    Running     GPU-2
  workload-job-1    Running     GPU-2
  workload-job-2    Running     GPU-2
  workload-job-3    Running     GPU-3
  workload-job-4    Running     GPU-3
  workload-job-5    Running     GPU-0
  workload-job-6    Running     GPU-3
  workload-job-7    Running     GPU-3
  workload-job-8    Running     GPU-3
  workload-job-9    Running     GPU-0
  workload-job-10   Running     GPU-1
  workload-job-11   Running     GPU-1
  workload-job-12   Running     GPU-2
  workload-job-13   Running     GPU-1
  workload-job-14   Running     GPU-0
  workload-job-15   (denied or not found)
  workload-job-16   Running     GPU-1
  workload-job-17   (denied or not found)
  workload-job-18   (denied or not found)
  workload-job-19   Running     GPU-4
  workload-job-20   Running     GPU-4

  SUMMARY: scheduled=18/21 (45/56 units)  denied=3  maxFreeCompute=10/10  totalFree=15/60 (25%)  util=75.0%  idleWaste=$2.60  costPerJob=$0.519  probeSucceeded=true  valid=true

=== OurWebhook | load=90% | seed=3 ===
  Generated 12 jobs (target load 90%, total compute demand 59/60 units):
  NAME              UNITS  MEM(GB)  TYPE               DURATION(s)
  workload-job-0    6      10       latency-sensitive  143
  workload-job-1    1      1        latency-sensitive  1928
  workload-job-2    9      19       batch-tolerant     92
  workload-job-3    9      26       batch-tolerant     855
  workload-job-4    5      20       batch-tolerant     753
  workload-job-5    8      31       latency-sensitive  226
  workload-job-6    3      6        batch-tolerant     3314
  workload-job-7    3      8        latency-sensitive  127
  workload-job-8    6      19       latency-sensitive  288
  workload-job-9    1      5        batch-tolerant     219
  workload-job-10   2      6        batch-tolerant     245
  workload-job-11   6      16       latency-sensitive  71
2026/08/11 11:17:16 webhook correctly denied workload-job-5 (no fit): admission webhook "gpu-scheduler.simulated.com" denied the request: no GPU has sufficient free compute and memory capacity
2026/08/11 11:17:22 webhook correctly denied workload-job-8 (no fit): admission webhook "gpu-scheduler.simulated.com" denied the request: no GPU has sufficient free compute and memory capacity
2026/08/11 11:17:27 webhook correctly denied workload-job-11 (no fit): admission webhook "gpu-scheduler.simulated.com" denied the request: no GPU has sufficient free compute and memory capacity
  Outcomes:
  NAME              STATUS      GPU
  workload-job-0    Running     GPU-2
  workload-job-1    Running     GPU-2
  workload-job-2    Running     GPU-3
  workload-job-3    Running     GPU-0
  workload-job-4    Running     GPU-1
  workload-job-5    (denied or not found)
  workload-job-6    Running     GPU-2
  workload-job-7    Running     GPU-1
  workload-job-8    (denied or not found)
  workload-job-9    Running     GPU-3
  workload-job-10   Running     GPU-1
  workload-job-11   (denied or not found)

  SUMMARY: scheduled=9/12 (39/59 units)  denied=3  maxFreeCompute=10/10  totalFree=21/60 (35%)  util=65.0%  idleWaste=$3.64  costPerJob=$0.967  probeSucceeded=true  valid=true

=== OurWebhook | load=90% | seed=4 ===
  Generated 18 jobs (target load 90%, total compute demand 58/60 units):
  NAME              UNITS  MEM(GB)  TYPE               DURATION(s)
  workload-job-0    2      4        batch-tolerant     248
  workload-job-1    2      4        latency-sensitive  237
  workload-job-2    2      7        batch-tolerant     189
  workload-job-3    5      14       latency-sensitive  108
  workload-job-4    2      7        batch-tolerant     1840
  workload-job-5    2      5        batch-tolerant     171
  workload-job-6    3      10       latency-sensitive  170
  workload-job-7    1      2        batch-tolerant     2755
  workload-job-8    7      16       batch-tolerant     102
  workload-job-9    5      9        batch-tolerant     125
  workload-job-10   5      8        latency-sensitive  2284
  workload-job-11   3      7        latency-sensitive  3173
  workload-job-12   5      8        latency-sensitive  258
  workload-job-13   2      4        batch-tolerant     1331
  workload-job-14   1      2        latency-sensitive  3497
  workload-job-15   4      12       latency-sensitive  2763
  workload-job-16   1      1        batch-tolerant     1231
  workload-job-17   6      24       latency-sensitive  131
2026/08/11 11:18:42 webhook correctly denied workload-job-17 (no fit): admission webhook "gpu-scheduler.simulated.com" denied the request: no GPU has sufficient free compute and memory capacity
  Outcomes:
  NAME              STATUS      GPU
  workload-job-0    Running     GPU-4
  workload-job-1    Running     GPU-2
  workload-job-2    Running     GPU-4
  workload-job-3    Running     GPU-2
  workload-job-4    Running     GPU-2
  workload-job-5    Running     GPU-4
  workload-job-6    Running     GPU-3
  workload-job-7    Running     GPU-2
  workload-job-8    Running     GPU-5
  workload-job-9    Running     GPU-3
  workload-job-10   Running     GPU-0
  workload-job-11   Running     GPU-0
  workload-job-12   Running     GPU-1
  workload-job-13   Running     GPU-3
  workload-job-14   Running     GPU-0
  workload-job-15   Running     GPU-1
  workload-job-16   Running     GPU-1
  workload-job-17   (denied or not found)

  SUMMARY: scheduled=17/18 (52/58 units)  denied=1  maxFreeCompute=4/10  totalFree=8/60 (13%)  util=86.7%  idleWaste=$1.39  costPerJob=$0.565  probeSucceeded=false  valid=true

=== OurWebhook | load=90% | seed=5 ===
  Generated 17 jobs (target load 90%, total compute demand 57/60 units):
  NAME              UNITS  MEM(GB)  TYPE               DURATION(s)
  workload-job-0    5      13       batch-tolerant     887
  workload-job-1    5      21       latency-sensitive  2105
  workload-job-2    1      4        batch-tolerant     788
  workload-job-3    5      18       latency-sensitive  177
  workload-job-4    5      12       batch-tolerant     2613
  workload-job-5    3      8        batch-tolerant     147
  workload-job-6    1      4        batch-tolerant     120
  workload-job-7    3      6        latency-sensitive  187
  workload-job-8    1      3        batch-tolerant     1855
  workload-job-9    3      6        latency-sensitive  338
  workload-job-10   5      13       latency-sensitive  162
  workload-job-11   1      5        batch-tolerant     169
  workload-job-12   2      7        batch-tolerant     1785
  workload-job-13   6      13       batch-tolerant     3049
  workload-job-14   1      3        batch-tolerant     56
  workload-job-15   4      13       batch-tolerant     1543
  workload-job-16   6      18       batch-tolerant     2913
2026/08/11 11:19:44 webhook correctly denied workload-job-16 (no fit): admission webhook "gpu-scheduler.simulated.com" denied the request: no GPU has sufficient free compute and memory capacity
  Outcomes:
  NAME              STATUS      GPU
  workload-job-0    Running     GPU-4
  workload-job-1    Running     GPU-2
  workload-job-2    Running     GPU-2
  workload-job-3    Running     GPU-3
  workload-job-4    Running     GPU-3
  workload-job-5    Running     GPU-2
  workload-job-6    Running     GPU-2
  workload-job-7    Running     GPU-0
  workload-job-8    Running     GPU-4
  workload-job-9    Running     GPU-0
  workload-job-10   Running     GPU-1
  workload-job-11   Running     GPU-0
  workload-job-12   Running     GPU-0
  workload-job-13   Running     GPU-5
  workload-job-14   Running     GPU-5
  workload-job-15   Running     GPU-1
  workload-job-16   (denied or not found)

  SUMMARY: scheduled=16/17 (51/57 units)  denied=1  maxFreeCompute=4/10  totalFree=9/60 (15%)  util=85.0%  idleWaste=$1.56  costPerJob=$0.582  probeSucceeded=false  valid=true

=== OurWebhook | load=90% | seed=6 ===
  Generated 14 jobs (target load 90%, total compute demand 54/60 units):
  NAME              UNITS  MEM(GB)  TYPE               DURATION(s)
  workload-job-0    3      12       latency-sensitive  1629
  workload-job-1    1      1        batch-tolerant     1476
  workload-job-2    6      24       latency-sensitive  2187
  workload-job-3    3      5        batch-tolerant     48
  workload-job-4    1      1        latency-sensitive  918
  workload-job-5    5      19       batch-tolerant     1348
  workload-job-6    4      7        batch-tolerant     1109
  workload-job-7    3      8        latency-sensitive  35
  workload-job-8    1      1        batch-tolerant     1803
  workload-job-9    4      15       latency-sensitive  1001
  workload-job-10   5      20       batch-tolerant     63
  workload-job-11   6      17       batch-tolerant     849
  workload-job-12   6      16       batch-tolerant     246
  workload-job-13   6      22       latency-sensitive  2316
2026/08/11 11:20:45 webhook correctly denied workload-job-13 (no fit): admission webhook "gpu-scheduler.simulated.com" denied the request: no GPU has sufficient free compute and memory capacity
  Outcomes:
  NAME              STATUS      GPU
  workload-job-0    Running     GPU-2
  workload-job-1    Running     GPU-4
  workload-job-2    Running     GPU-2
  workload-job-3    Running     GPU-4
  workload-job-4    Running     GPU-2
  workload-job-5    Running     GPU-3
  workload-job-6    Running     GPU-4
  workload-job-7    Running     GPU-3
  workload-job-8    Running     GPU-4
  workload-job-9    Running     GPU-0
  workload-job-10   Running     GPU-0
  workload-job-11   Running     GPU-1
  workload-job-12   Running     GPU-5
  workload-job-13   (denied or not found)

  SUMMARY: scheduled=13/14 (48/54 units)  denied=1  maxFreeCompute=4/10  totalFree=12/60 (20%)  util=80.0%  idleWaste=$2.08  costPerJob=$0.635  probeSucceeded=false  valid=true

=== OurWebhook | load=90% | seed=7 ===
  Generated 15 jobs (target load 90%, total compute demand 57/60 units):
  NAME              UNITS  MEM(GB)  TYPE               DURATION(s)
  workload-job-0    7      15       latency-sensitive  131
  workload-job-1    2      5        batch-tolerant     255
  workload-job-2    3      9        latency-sensitive  64
  workload-job-3    1      2        latency-sensitive  224
  workload-job-4    5      11       latency-sensitive  1872
  workload-job-5    2      4        batch-tolerant     2837
  workload-job-6    2      6        batch-tolerant     1666
  workload-job-7    3      6        batch-tolerant     158
  workload-job-8    3      12       latency-sensitive  104
  workload-job-9    3      14       batch-tolerant     213
  workload-job-10   2      7        batch-tolerant     1178
  workload-job-11   2      6        batch-tolerant     298
  workload-job-12   8      32       latency-sensitive  2107
  workload-job-13   5      13       batch-tolerant     3105
  workload-job-14   9      37       latency-sensitive  2086
2026/08/11 11:21:51 webhook correctly denied workload-job-13 (no fit): admission webhook "gpu-scheduler.simulated.com" denied the request: no GPU has sufficient free compute and memory capacity
2026/08/11 11:21:51 webhook correctly denied workload-job-14 (no fit): admission webhook "gpu-scheduler.simulated.com" denied the request: no GPU has sufficient free compute and memory capacity
  Outcomes:
  NAME              STATUS      GPU
  workload-job-0    Running     GPU-2
  workload-job-1    Running     GPU-2
  workload-job-2    Running     GPU-3
  workload-job-3    Running     GPU-2
  workload-job-4    Running     GPU-3
  workload-job-5    Running     GPU-3
  workload-job-6    Running     GPU-4
  workload-job-7    Running     GPU-4
  workload-job-8    Running     GPU-0
  workload-job-9    Running     GPU-5
  workload-job-10   Running     GPU-0
  workload-job-11   Running     GPU-0
  workload-job-12   Running     GPU-1
  workload-job-13   (denied or not found)
  workload-job-14   (denied or not found)

  SUMMARY: scheduled=13/15 (43/57 units)  denied=2  maxFreeCompute=7/10  totalFree=17/60 (28%)  util=71.7%  idleWaste=$2.95  costPerJob=$0.620  probeSucceeded=false  valid=true

=== OurWebhook | load=90% | seed=8 ===
  Generated 20 jobs (target load 90%, total compute demand 54/60 units):
  NAME              UNITS  MEM(GB)  TYPE               DURATION(s)
  workload-job-0    1      3        latency-sensitive  72
  workload-job-1    3      7        batch-tolerant     91
  workload-job-2    1      2        latency-sensitive  350
  workload-job-3    3      12       batch-tolerant     406
  workload-job-4    3      10       latency-sensitive  1841
  workload-job-5    3      12       batch-tolerant     891
  workload-job-6    6      11       latency-sensitive  1846
  workload-job-7    3      12       latency-sensitive  1059
  workload-job-8    2      6        latency-sensitive  65
  workload-job-9    2      8        batch-tolerant     55
  workload-job-10   3      7        batch-tolerant     1733
  workload-job-11   1      4        batch-tolerant     2079
  workload-job-12   3      11       batch-tolerant     288
  workload-job-13   5      20       batch-tolerant     1531
  workload-job-14   4      7        batch-tolerant     247
  workload-job-15   2      5        batch-tolerant     3120
  workload-job-16   1      6        batch-tolerant     103
  workload-job-17   1      1        batch-tolerant     130
  workload-job-18   4      18       latency-sensitive  2614
  workload-job-19   3      13       latency-sensitive  162
2026/08/11 11:23:01 webhook correctly denied workload-job-18 (no fit): admission webhook "gpu-scheduler.simulated.com" denied the request: no GPU has sufficient free compute and memory capacity
2026/08/11 11:23:01 webhook correctly denied workload-job-19 (no fit): admission webhook "gpu-scheduler.simulated.com" denied the request: no GPU has sufficient free compute and memory capacity
  Outcomes:
  NAME              STATUS      GPU
  workload-job-0    Running     GPU-2
  workload-job-1    Running     GPU-4
  workload-job-2    Running     GPU-2
  workload-job-3    Running     GPU-5
  workload-job-4    Running     GPU-2
  workload-job-5    Running     GPU-2
  workload-job-6    Running     GPU-3
  workload-job-7    Running     GPU-3
  workload-job-8    Running     GPU-2
  workload-job-9    Running     GPU-4
  workload-job-10   Running     GPU-0
  workload-job-11   Running     GPU-3
  workload-job-12   Running     GPU-0
  workload-job-13   Running     GPU-1
  workload-job-14   Running     GPU-0
  workload-job-15   Running     GPU-1
  workload-job-16   Running     GPU-1
  workload-job-17   Running     GPU-4
  workload-job-18   (denied or not found)
  workload-job-19   (denied or not found)

  SUMMARY: scheduled=18/20 (47/54 units)  denied=2  maxFreeCompute=7/10  totalFree=13/60 (22%)  util=78.3%  idleWaste=$2.25  costPerJob=$0.502  probeSucceeded=false  valid=true

=== OurWebhook | load=90% | seed=9 ===
  Generated 14 jobs (target load 90%, total compute demand 55/60 units):
  NAME              UNITS  MEM(GB)  TYPE               DURATION(s)
  workload-job-0    2      8        batch-tolerant     772
  workload-job-1    6      24       batch-tolerant     243
  workload-job-2    6      24       batch-tolerant     210
  workload-job-3    7      21       latency-sensitive  545
  workload-job-4    4      8        latency-sensitive  2195
  workload-job-5    1      3        latency-sensitive  2106
  workload-job-6    3      9        latency-sensitive  186
  workload-job-7    3      6        batch-tolerant     1695
  workload-job-8    2      7        latency-sensitive  735
  workload-job-9    6      19       latency-sensitive  675
  workload-job-10   2      6        batch-tolerant     394
  workload-job-11   3      11       batch-tolerant     291
  workload-job-12   2      8        latency-sensitive  74
  workload-job-13   8      26       latency-sensitive  1740
2026/08/11 11:23:56 webhook correctly denied workload-job-13 (no fit): admission webhook "gpu-scheduler.simulated.com" denied the request: no GPU has sufficient free compute and memory capacity
  Outcomes:
  NAME              STATUS      GPU
  workload-job-0    Running     GPU-4
  workload-job-1    Running     GPU-2
  workload-job-2    Running     GPU-3
  workload-job-3    Running     GPU-0
  workload-job-4    Running     GPU-2
  workload-job-5    Running     GPU-3
  workload-job-6    Running     GPU-3
  workload-job-7    Running     GPU-4
  workload-job-8    Running     GPU-0
  workload-job-9    Running     GPU-1
  workload-job-10   Running     GPU-1
  workload-job-11   Running     GPU-5
  workload-job-12   Running     GPU-1
  workload-job-13   (denied or not found)

  SUMMARY: scheduled=13/14 (47/55 units)  denied=1  maxFreeCompute=7/10  totalFree=13/60 (22%)  util=78.3%  idleWaste=$2.25  costPerJob=$0.712  probeSucceeded=false  valid=true

=== OurWebhook | load=90% | seed=10 ===
  Generated 15 jobs (target load 90%, total compute demand 56/60 units):
  NAME              UNITS  MEM(GB)  TYPE               DURATION(s)
  workload-job-0    2      8        batch-tolerant     2540
  workload-job-1    6      11       batch-tolerant     3112
  workload-job-2    7      29       batch-tolerant     3427
  workload-job-3    4      12       latency-sensitive  1397
  workload-job-4    1      3        latency-sensitive  172
  workload-job-5    5      13       batch-tolerant     1284
  workload-job-6    3      13       latency-sensitive  56
  workload-job-7    8      25       batch-tolerant     198
  workload-job-8    4      8        batch-tolerant     3055
  workload-job-9    2      5        latency-sensitive  2901
  workload-job-10   3      11       latency-sensitive  2777
  workload-job-11   2      9        batch-tolerant     42
  workload-job-12   4      8        batch-tolerant     219
  workload-job-13   2      9        batch-tolerant     3346
  workload-job-14   3      7        batch-tolerant     1279
2026/08/11 11:24:47 webhook correctly denied workload-job-13 (no fit): admission webhook "gpu-scheduler.simulated.com" denied the request: no GPU has sufficient free compute and memory capacity
2026/08/11 11:24:48 webhook correctly denied workload-job-14 (no fit): admission webhook "gpu-scheduler.simulated.com" denied the request: no GPU has sufficient free compute and memory capacity
  Outcomes:
  NAME              STATUS      GPU
  workload-job-0    Running     GPU-4
  workload-job-1    Running     GPU-5
  workload-job-2    Running     GPU-2
  workload-job-3    Running     GPU-3
  workload-job-4    Running     GPU-2
  workload-job-5    Running     GPU-3
  workload-job-6    Running     GPU-0
  workload-job-7    Running     GPU-1
  workload-job-8    Running     GPU-4
  workload-job-9    Running     GPU-2
  workload-job-10   Running     GPU-0
  workload-job-11   Running     GPU-1
  workload-job-12   Running     GPU-0
  workload-job-13   (denied or not found)
  workload-job-14   (denied or not found)

  SUMMARY: scheduled=13/15 (51/56 units)  denied=2  maxFreeCompute=4/10  totalFree=9/60 (15%)  util=85.0%  idleWaste=$1.56  costPerJob=$0.745  probeSucceeded=false  valid=true

=== OurWebhook | load=110% | seed=1 ===
  Generated 22 jobs (target load 110%, total compute demand 72/60 units):
  NAME              UNITS  MEM(GB)  TYPE               DURATION(s)
  workload-job-0    4      18       batch-tolerant     1826
  workload-job-1    2      6        latency-sensitive  150
  workload-job-2    3      4        latency-sensitive  173
  workload-job-3    3      9        batch-tolerant     989
  workload-job-4    4      13       batch-tolerant     430
  workload-job-5    1      1        batch-tolerant     106
  workload-job-6    1      3        batch-tolerant     62
  workload-job-7    1      5        batch-tolerant     506
  workload-job-8    1      1        latency-sensitive  2506
  workload-job-9    5      19       latency-sensitive  447
  workload-job-10   1      5        batch-tolerant     2678
  workload-job-11   2      9        batch-tolerant     109
  workload-job-12   5      21       batch-tolerant     579
  workload-job-13   1      1        batch-tolerant     2944
  workload-job-14   3      5        batch-tolerant     1188
  workload-job-15   5      13       batch-tolerant     854
  workload-job-16   3      6        batch-tolerant     472
  workload-job-17   6      17       latency-sensitive  123
  workload-job-18   2      5        latency-sensitive  126
  workload-job-19   7      22       batch-tolerant     189
  workload-job-20   3      9        batch-tolerant     246
  workload-job-21   9      34       batch-tolerant     126
2026/08/11 11:25:52 webhook correctly denied workload-job-17 (no fit): admission webhook "gpu-scheduler.simulated.com" denied the request: no GPU has sufficient free compute and memory capacity
2026/08/11 11:25:55 webhook correctly denied workload-job-19 (no fit): admission webhook "gpu-scheduler.simulated.com" denied the request: no GPU has sufficient free compute and memory capacity
2026/08/11 11:25:55 webhook correctly denied workload-job-20 (no fit): admission webhook "gpu-scheduler.simulated.com" denied the request: no GPU has sufficient free compute and memory capacity
2026/08/11 11:25:55 webhook correctly denied workload-job-21 (no fit): admission webhook "gpu-scheduler.simulated.com" denied the request: no GPU has sufficient free compute and memory capacity
  Outcomes:
  NAME              STATUS      GPU
  workload-job-0    Running     GPU-2
  workload-job-1    Running     GPU-2
  workload-job-2    Running     GPU-2
  workload-job-3    Running     GPU-4
  workload-job-4    Running     GPU-5
  workload-job-5    Running     GPU-2
  workload-job-6    Running     GPU-5
  workload-job-7    Running     GPU-4
  workload-job-8    Running     GPU-3
  workload-job-9    Running     GPU-3
  workload-job-10   Running     GPU-3
  workload-job-11   Running     GPU-3
  workload-job-12   Running     GPU-0
  workload-job-13   Running     GPU-3
  workload-job-14   Running     GPU-0
  workload-job-15   Running     GPU-1
  workload-job-16   Running     GPU-1
  workload-job-17   (denied or not found)
  workload-job-18   Running     GPU-0
  workload-job-19   (denied or not found)
  workload-job-20   (denied or not found)
  workload-job-21   (denied or not found)

  SUMMARY: scheduled=18/22 (47/72 units)  denied=4  maxFreeCompute=6/10  totalFree=13/60 (22%)  util=78.3%  idleWaste=$2.25  costPerJob=$0.502  probeSucceeded=false  valid=true

=== OurWebhook | load=110% | seed=2 ===
  Generated 24 jobs (target load 110%, total compute demand 72/60 units):
  NAME              UNITS  MEM(GB)  TYPE               DURATION(s)
  workload-job-0    1      1        latency-sensitive  1031
  workload-job-1    2      2        latency-sensitive  81
  workload-job-2    6      20       batch-tolerant     2367
  workload-job-3    3      11       latency-sensitive  676
  workload-job-4    2      2        batch-tolerant     291
  workload-job-5    6      17       batch-tolerant     177
  workload-job-6    2      9        batch-tolerant     206
  workload-job-7    2      6        batch-tolerant     1294
  workload-job-8    1      1        batch-tolerant     997
  workload-job-9    3      11       batch-tolerant     1179
  workload-job-10   2      8        latency-sensitive  288
  workload-job-11   2      7        latency-sensitive  1476
  workload-job-12   1      5        batch-tolerant     49
  workload-job-13   2      8        batch-tolerant     328
  workload-job-14   1      2        latency-sensitive  141
  workload-job-15   6      12       latency-sensitive  1478
  workload-job-16   4      10       batch-tolerant     1894
  workload-job-17   1      2        latency-sensitive  174
  workload-job-18   4      17       batch-tolerant     2725
  workload-job-19   2      7        batch-tolerant     1848
  workload-job-20   3      7        batch-tolerant     207
  workload-job-21   3      14       batch-tolerant     1593
  workload-job-22   6      26       batch-tolerant     122
  workload-job-23   7      26       batch-tolerant     1092
2026/08/11 11:26:54 webhook correctly denied workload-job-15 (no fit): admission webhook "gpu-scheduler.simulated.com" denied the request: no GPU has sufficient free compute and memory capacity
2026/08/11 11:26:57 webhook correctly denied workload-job-17 (no fit): admission webhook "gpu-scheduler.simulated.com" denied the request: no GPU has sufficient free compute and memory capacity
2026/08/11 11:26:57 webhook correctly denied workload-job-18 (no fit): admission webhook "gpu-scheduler.simulated.com" denied the request: no GPU has sufficient free compute and memory capacity
2026/08/11 11:27:11 webhook correctly denied workload-job-22 (no fit): admission webhook "gpu-scheduler.simulated.com" denied the request: no GPU has sufficient free compute and memory capacity
2026/08/11 11:27:11 webhook correctly denied workload-job-23 (no fit): admission webhook "gpu-scheduler.simulated.com" denied the request: no GPU has sufficient free compute and memory capacity
  Outcomes:
  NAME              STATUS      GPU
  workload-job-0    Running     GPU-2
  workload-job-1    Running     GPU-2
  workload-job-2    Running     GPU-2
  workload-job-3    Running     GPU-3
  workload-job-4    Running     GPU-3
  workload-job-5    Running     GPU-0
  workload-job-6    Running     GPU-3
  workload-job-7    Running     GPU-3
  workload-job-8    Running     GPU-3
  workload-job-9    Running     GPU-0
  workload-job-10   Running     GPU-1
  workload-job-11   Running     GPU-1
  workload-job-12   Running     GPU-2
  workload-job-13   Running     GPU-1
  workload-job-14   Running     GPU-0
  workload-job-15   (denied or not found)
  workload-job-16   Running     GPU-1
  workload-job-17   (denied or not found)
  workload-job-18   (denied or not found)
  workload-job-19   Running     GPU-4
  workload-job-20   Running     GPU-4
  workload-job-21   Running     GPU-5
  workload-job-22   (denied or not found)
  workload-job-23   (denied or not found)

  SUMMARY: scheduled=19/24 (48/72 units)  denied=5  maxFreeCompute=7/10  totalFree=12/60 (20%)  util=80.0%  idleWaste=$2.08  costPerJob=$0.503  probeSucceeded=false  valid=true

=== OurWebhook | load=110% | seed=3 ===
  Generated 13 jobs (target load 110%, total compute demand 66/60 units):
  NAME              UNITS  MEM(GB)  TYPE               DURATION(s)
  workload-job-0    6      10       latency-sensitive  143
  workload-job-1    1      1        latency-sensitive  1928
  workload-job-2    9      19       batch-tolerant     92
  workload-job-3    9      26       batch-tolerant     855
  workload-job-4    5      20       batch-tolerant     753
  workload-job-5    8      31       latency-sensitive  226
  workload-job-6    3      6        batch-tolerant     3314
  workload-job-7    3      8        latency-sensitive  127
  workload-job-8    6      19       latency-sensitive  288
  workload-job-9    1      5        batch-tolerant     219
  workload-job-10   2      6        batch-tolerant     245
  workload-job-11   6      16       latency-sensitive  71
  workload-job-12   7      21       latency-sensitive  2778
2026/08/11 11:27:45 webhook correctly denied workload-job-5 (no fit): admission webhook "gpu-scheduler.simulated.com" denied the request: no GPU has sufficient free compute and memory capacity
2026/08/11 11:27:52 webhook correctly denied workload-job-8 (no fit): admission webhook "gpu-scheduler.simulated.com" denied the request: no GPU has sufficient free compute and memory capacity
2026/08/11 11:27:58 webhook correctly denied workload-job-11 (no fit): admission webhook "gpu-scheduler.simulated.com" denied the request: no GPU has sufficient free compute and memory capacity
2026/08/11 11:27:58 webhook correctly denied workload-job-12 (no fit): admission webhook "gpu-scheduler.simulated.com" denied the request: no GPU has sufficient free compute and memory capacity
  Outcomes:
  NAME              STATUS      GPU
  workload-job-0    Running     GPU-2
  workload-job-1    Running     GPU-2
  workload-job-2    Running     GPU-3
  workload-job-3    Running     GPU-0
  workload-job-4    Running     GPU-1
  workload-job-5    (denied or not found)
  workload-job-6    Running     GPU-2
  workload-job-7    Running     GPU-1
  workload-job-8    (denied or not found)
  workload-job-9    Running     GPU-3
  workload-job-10   Running     GPU-1
  workload-job-11   (denied or not found)
  workload-job-12   (denied or not found)

  SUMMARY: scheduled=9/13 (39/66 units)  denied=4  maxFreeCompute=10/10  totalFree=21/60 (35%)  util=65.0%  idleWaste=$3.64  costPerJob=$0.967  probeSucceeded=true  valid=true

=== OurWebhook | load=110% | seed=4 ===
  Generated 20 jobs (target load 110%, total compute demand 67/60 units):
  NAME              UNITS  MEM(GB)  TYPE               DURATION(s)
  workload-job-0    2      4        batch-tolerant     248
  workload-job-1    2      4        latency-sensitive  237
  workload-job-2    2      7        batch-tolerant     189
  workload-job-3    5      14       latency-sensitive  108
  workload-job-4    2      7        batch-tolerant     1840
  workload-job-5    2      5        batch-tolerant     171
  workload-job-6    3      10       latency-sensitive  170
  workload-job-7    1      2        batch-tolerant     2755
  workload-job-8    7      16       batch-tolerant     102
  workload-job-9    5      9        batch-tolerant     125
  workload-job-10   5      8        latency-sensitive  2284
  workload-job-11   3      7        latency-sensitive  3173
  workload-job-12   5      8        latency-sensitive  258
  workload-job-13   2      4        batch-tolerant     1331
  workload-job-14   1      2        latency-sensitive  3497
  workload-job-15   4      12       latency-sensitive  2763
  workload-job-16   1      1        batch-tolerant     1231
  workload-job-17   6      24       latency-sensitive  131
  workload-job-18   3      6        latency-sensitive  3496
  workload-job-19   6      24       latency-sensitive  2931
2026/08/11 11:29:14 webhook correctly denied workload-job-17 (no fit): admission webhook "gpu-scheduler.simulated.com" denied the request: no GPU has sufficient free compute and memory capacity
2026/08/11 11:29:15 webhook correctly denied workload-job-18 (no fit): admission webhook "gpu-scheduler.simulated.com" denied the request: no GPU has sufficient free compute and memory capacity
2026/08/11 11:29:15 webhook correctly denied workload-job-19 (no fit): admission webhook "gpu-scheduler.simulated.com" denied the request: no GPU has sufficient free compute and memory capacity
  Outcomes:
  NAME              STATUS      GPU
  workload-job-0    Running     GPU-4
  workload-job-1    Running     GPU-2
  workload-job-2    Running     GPU-4
  workload-job-3    Running     GPU-2
  workload-job-4    Running     GPU-2
  workload-job-5    Running     GPU-4
  workload-job-6    Running     GPU-3
  workload-job-7    Running     GPU-2
  workload-job-8    Running     GPU-5
  workload-job-9    Running     GPU-3
  workload-job-10   Running     GPU-0
  workload-job-11   Running     GPU-0
  workload-job-12   Running     GPU-1
  workload-job-13   Running     GPU-3
  workload-job-14   Running     GPU-0
  workload-job-15   Running     GPU-1
  workload-job-16   Running     GPU-1
  workload-job-17   (denied or not found)
  workload-job-18   (denied or not found)
  workload-job-19   (denied or not found)

  SUMMARY: scheduled=17/20 (52/67 units)  denied=3  maxFreeCompute=4/10  totalFree=8/60 (13%)  util=86.7%  idleWaste=$1.39  costPerJob=$0.565  probeSucceeded=false  valid=true

=== OurWebhook | load=110% | seed=5 ===
  Generated 20 jobs (target load 110%, total compute demand 68/60 units):
  NAME              UNITS  MEM(GB)  TYPE               DURATION(s)
  workload-job-0    5      13       batch-tolerant     887
  workload-job-1    5      21       latency-sensitive  2105
  workload-job-2    1      4        batch-tolerant     788
  workload-job-3    5      18       latency-sensitive  177
  workload-job-4    5      12       batch-tolerant     2613
  workload-job-5    3      8        batch-tolerant     147
  workload-job-6    1      4        batch-tolerant     120
  workload-job-7    3      6        latency-sensitive  187
  workload-job-8    1      3        batch-tolerant     1855
  workload-job-9    3      6        latency-sensitive  338
  workload-job-10   5      13       latency-sensitive  162
  workload-job-11   1      5        batch-tolerant     169
  workload-job-12   2      7        batch-tolerant     1785
  workload-job-13   6      13       batch-tolerant     3049
  workload-job-14   1      3        batch-tolerant     56
  workload-job-15   4      13       batch-tolerant     1543
  workload-job-16   6      18       batch-tolerant     2913
  workload-job-17   2      6        latency-sensitive  240
  workload-job-18   6      26       batch-tolerant     231
  workload-job-19   3      11       batch-tolerant     811
2026/08/11 11:30:28 webhook correctly denied workload-job-16 (no fit): admission webhook "gpu-scheduler.simulated.com" denied the request: no GPU has sufficient free compute and memory capacity
2026/08/11 11:30:28 webhook correctly denied workload-job-17 (no fit): admission webhook "gpu-scheduler.simulated.com" denied the request: no GPU has sufficient free compute and memory capacity
2026/08/11 11:30:28 webhook correctly denied workload-job-18 (no fit): admission webhook "gpu-scheduler.simulated.com" denied the request: no GPU has sufficient free compute and memory capacity
2026/08/11 11:30:28 webhook correctly denied workload-job-19 (no fit): admission webhook "gpu-scheduler.simulated.com" denied the request: no GPU has sufficient free compute and memory capacity
  Outcomes:
  NAME              STATUS      GPU
  workload-job-0    Running     GPU-4
  workload-job-1    Running     GPU-2
  workload-job-2    Running     GPU-2
  workload-job-3    Running     GPU-3
  workload-job-4    Running     GPU-3
  workload-job-5    Running     GPU-2
  workload-job-6    Running     GPU-2
  workload-job-7    Running     GPU-0
  workload-job-8    Running     GPU-4
  workload-job-9    Running     GPU-0
  workload-job-10   Running     GPU-1
  workload-job-11   Running     GPU-0
  workload-job-12   Running     GPU-0
  workload-job-13   Running     GPU-5
  workload-job-14   Running     GPU-5
  workload-job-15   Running     GPU-1
  workload-job-16   (denied or not found)
  workload-job-17   (denied or not found)
  workload-job-18   (denied or not found)
  workload-job-19   (denied or not found)

  SUMMARY: scheduled=16/20 (51/68 units)  denied=4  maxFreeCompute=4/10  totalFree=9/60 (15%)  util=85.0%  idleWaste=$1.56  costPerJob=$0.582  probeSucceeded=false  valid=true

=== OurWebhook | load=110% | seed=6 ===
  Generated 17 jobs (target load 110%, total compute demand 67/60 units):
  NAME              UNITS  MEM(GB)  TYPE               DURATION(s)
  workload-job-0    3      12       latency-sensitive  1629
  workload-job-1    1      1        batch-tolerant     1476
  workload-job-2    6      24       latency-sensitive  2187
  workload-job-3    3      5        batch-tolerant     48
  workload-job-4    1      1        latency-sensitive  918
  workload-job-5    5      19       batch-tolerant     1348
  workload-job-6    4      7        batch-tolerant     1109
  workload-job-7    3      8        latency-sensitive  35
  workload-job-8    1      1        batch-tolerant     1803
  workload-job-9    4      15       latency-sensitive  1001
  workload-job-10   5      20       batch-tolerant     63
  workload-job-11   6      17       batch-tolerant     849
  workload-job-12   6      16       batch-tolerant     246
  workload-job-13   6      22       latency-sensitive  2316
  workload-job-14   5      17       latency-sensitive  1718
  workload-job-15   5      18       batch-tolerant     484
  workload-job-16   3      10       latency-sensitive  2127
2026/08/11 11:31:19 webhook correctly denied workload-job-11 (no fit): admission webhook "gpu-scheduler.simulated.com" denied the request: no GPU has sufficient free compute and memory capacity
2026/08/11 11:31:22 webhook correctly denied workload-job-13 (no fit): admission webhook "gpu-scheduler.simulated.com" denied the request: no GPU has sufficient free compute and memory capacity
2026/08/11 11:31:25 webhook correctly denied workload-job-15 (no fit): admission webhook "gpu-scheduler.simulated.com" denied the request: no GPU has sufficient free compute and memory capacity
  Outcomes:
  NAME              STATUS      GPU
  workload-job-0    Running     GPU-2
  workload-job-1    Running     GPU-2
  workload-job-2    Running     GPU-2
  workload-job-3    Running     GPU-4
  workload-job-4    Running     GPU-3
  workload-job-5    Running     GPU-3
  workload-job-6    Running     GPU-3
  workload-job-7    Running     GPU-0
  workload-job-8    Running     GPU-4
  workload-job-9    Running     GPU-0
  workload-job-10   Running     GPU-1
  workload-job-11   (denied or not found)
  workload-job-12   Running     GPU-5
  workload-job-13   (denied or not found)
  workload-job-14   Running     GPU-1
  workload-job-15   (denied or not found)
  workload-job-16   Running     GPU-0

  SUMMARY: scheduled=14/17 (50/67 units)  denied=3  maxFreeCompute=6/10  totalFree=10/60 (17%)  util=83.3%  idleWaste=$1.73  costPerJob=$0.693  probeSucceeded=false  valid=true

=== OurWebhook | load=110% | seed=7 ===
  Generated 18 jobs (target load 110%, total compute demand 68/60 units):
  NAME              UNITS  MEM(GB)  TYPE               DURATION(s)
  workload-job-0    7      15       latency-sensitive  131
  workload-job-1    2      5        batch-tolerant     255
  workload-job-2    3      9        latency-sensitive  64
  workload-job-3    1      2        latency-sensitive  224
  workload-job-4    5      11       latency-sensitive  1872
  workload-job-5    2      4        batch-tolerant     2837
  workload-job-6    2      6        batch-tolerant     1666
  workload-job-7    3      6        batch-tolerant     158
  workload-job-8    3      12       latency-sensitive  104
  workload-job-9    3      14       batch-tolerant     213
  workload-job-10   2      7        batch-tolerant     1178
  workload-job-11   2      6        batch-tolerant     298
  workload-job-12   8      32       latency-sensitive  2107
  workload-job-13   5      13       batch-tolerant     3105
  workload-job-14   9      37       latency-sensitive  2086
  workload-job-15   4      14       batch-tolerant     250
  workload-job-16   2      8        batch-tolerant     184
  workload-job-17   5      22       latency-sensitive  853
2026/08/11 11:32:22 webhook correctly denied workload-job-13 (no fit): admission webhook "gpu-scheduler.simulated.com" denied the request: no GPU has sufficient free compute and memory capacity
2026/08/11 11:32:22 webhook correctly denied workload-job-14 (no fit): admission webhook "gpu-scheduler.simulated.com" denied the request: no GPU has sufficient free compute and memory capacity
2026/08/11 11:32:22 webhook correctly denied workload-job-15 (no fit): admission webhook "gpu-scheduler.simulated.com" denied the request: no GPU has sufficient free compute and memory capacity
2026/08/11 11:32:25 webhook correctly denied workload-job-17 (no fit): admission webhook "gpu-scheduler.simulated.com" denied the request: no GPU has sufficient free compute and memory capacity
  Outcomes:
  NAME              STATUS      GPU
  workload-job-0    Running     GPU-2
  workload-job-1    Running     GPU-2
  workload-job-2    Running     GPU-3
  workload-job-3    Running     GPU-2
  workload-job-4    Running     GPU-3
  workload-job-5    Running     GPU-3
  workload-job-6    Running     GPU-4
  workload-job-7    Running     GPU-4
  workload-job-8    Running     GPU-0
  workload-job-9    Running     GPU-5
  workload-job-10   Running     GPU-0
  workload-job-11   Running     GPU-0
  workload-job-12   Running     GPU-1
  workload-job-13   (denied or not found)
  workload-job-14   (denied or not found)
  workload-job-15   (denied or not found)
  workload-job-16   Running     GPU-1
  workload-job-17   (denied or not found)

  SUMMARY: scheduled=14/18 (45/68 units)  denied=4  maxFreeCompute=7/10  totalFree=15/60 (25%)  util=75.0%  idleWaste=$2.60  costPerJob=$0.619  probeSucceeded=false  valid=true

=== OurWebhook | load=110% | seed=8 ===
  Generated 25 jobs (target load 110%, total compute demand 68/60 units):
  NAME              UNITS  MEM(GB)  TYPE               DURATION(s)
  workload-job-0    1      3        latency-sensitive  72
  workload-job-1    3      7        batch-tolerant     91
  workload-job-2    1      2        latency-sensitive  350
  workload-job-3    3      12       batch-tolerant     406
  workload-job-4    3      10       latency-sensitive  1841
  workload-job-5    3      12       batch-tolerant     891
  workload-job-6    6      11       latency-sensitive  1846
  workload-job-7    3      12       latency-sensitive  1059
  workload-job-8    2      6        latency-sensitive  65
  workload-job-9    2      8        batch-tolerant     55
  workload-job-10   3      7        batch-tolerant     1733
  workload-job-11   1      4        batch-tolerant     2079
  workload-job-12   3      11       batch-tolerant     288
  workload-job-13   5      20       batch-tolerant     1531
  workload-job-14   4      7        batch-tolerant     247
  workload-job-15   2      5        batch-tolerant     3120
  workload-job-16   1      6        batch-tolerant     103
  workload-job-17   1      1        batch-tolerant     130
  workload-job-18   4      18       latency-sensitive  2614
  workload-job-19   3      13       latency-sensitive  162
  workload-job-20   3      11       latency-sensitive  75
  workload-job-21   1      3        batch-tolerant     104
  workload-job-22   3      4        latency-sensitive  1493
  workload-job-23   1      1        batch-tolerant     42
  workload-job-24   6      11       batch-tolerant     299
2026/08/11 11:33:31 webhook correctly denied workload-job-18 (no fit): admission webhook "gpu-scheduler.simulated.com" denied the request: no GPU has sufficient free compute and memory capacity
2026/08/11 11:33:31 webhook correctly denied workload-job-19 (no fit): admission webhook "gpu-scheduler.simulated.com" denied the request: no GPU has sufficient free compute and memory capacity
2026/08/11 11:33:31 webhook correctly denied workload-job-20 (no fit): admission webhook "gpu-scheduler.simulated.com" denied the request: no GPU has sufficient free compute and memory capacity
2026/08/11 11:33:35 webhook correctly denied workload-job-22 (no fit): admission webhook "gpu-scheduler.simulated.com" denied the request: no GPU has sufficient free compute and memory capacity
2026/08/11 11:33:37 webhook correctly denied workload-job-24 (no fit): admission webhook "gpu-scheduler.simulated.com" denied the request: no GPU has sufficient free compute and memory capacity
  Outcomes:
  NAME              STATUS      GPU
  workload-job-0    Running     GPU-2
  workload-job-1    Running     GPU-4
  workload-job-2    Running     GPU-2
  workload-job-3    Running     GPU-5
  workload-job-4    Running     GPU-2
  workload-job-5    Running     GPU-2
  workload-job-6    Running     GPU-3
  workload-job-7    Running     GPU-3
  workload-job-8    Running     GPU-2
  workload-job-9    Running     GPU-4
  workload-job-10   Running     GPU-0
  workload-job-11   Running     GPU-3
  workload-job-12   Running     GPU-0
  workload-job-13   Running     GPU-1
  workload-job-14   Running     GPU-0
  workload-job-15   Running     GPU-1
  workload-job-16   Running     GPU-1
  workload-job-17   Running     GPU-4
  workload-job-18   (denied or not found)
  workload-job-19   (denied or not found)
  workload-job-20   (denied or not found)
  workload-job-21   Running     GPU-5
  workload-job-22   (denied or not found)
  workload-job-23   Running     GPU-5
  workload-job-24   (denied or not found)

  SUMMARY: scheduled=20/25 (49/68 units)  denied=5  maxFreeCompute=5/10  totalFree=11/60 (18%)  util=81.7%  idleWaste=$1.91  costPerJob=$0.459  probeSucceeded=false  valid=true

=== OurWebhook | load=110% | seed=9 ===
  Generated 17 jobs (target load 110%, total compute demand 68/60 units):
  NAME              UNITS  MEM(GB)  TYPE               DURATION(s)
  workload-job-0    2      8        batch-tolerant     772
  workload-job-1    6      24       batch-tolerant     243
  workload-job-2    6      24       batch-tolerant     210
  workload-job-3    7      21       latency-sensitive  545
  workload-job-4    4      8        latency-sensitive  2195
  workload-job-5    1      3        latency-sensitive  2106
  workload-job-6    3      9        latency-sensitive  186
  workload-job-7    3      6        batch-tolerant     1695
  workload-job-8    2      7        latency-sensitive  735
  workload-job-9    6      19       latency-sensitive  675
  workload-job-10   2      6        batch-tolerant     394
  workload-job-11   3      11       batch-tolerant     291
  workload-job-12   2      8        latency-sensitive  74
  workload-job-13   8      26       latency-sensitive  1740
  workload-job-14   7      19       latency-sensitive  72
  workload-job-15   2      2        batch-tolerant     1820
  workload-job-16   4      17       latency-sensitive  112
2026/08/11 11:34:31 webhook correctly denied workload-job-13 (no fit): admission webhook "gpu-scheduler.simulated.com" denied the request: no GPU has sufficient free compute and memory capacity
2026/08/11 11:34:31 webhook correctly denied workload-job-14 (no fit): admission webhook "gpu-scheduler.simulated.com" denied the request: no GPU has sufficient free compute and memory capacity
2026/08/11 11:34:34 webhook correctly denied workload-job-16 (no fit): admission webhook "gpu-scheduler.simulated.com" denied the request: no GPU has sufficient free compute and memory capacity
  Outcomes:
  NAME              STATUS      GPU
  workload-job-0    Running     GPU-4
  workload-job-1    Running     GPU-2
  workload-job-2    Running     GPU-3
  workload-job-3    Running     GPU-0
  workload-job-4    Running     GPU-2
  workload-job-5    Running     GPU-3
  workload-job-6    Running     GPU-3
  workload-job-7    Running     GPU-4
  workload-job-8    Running     GPU-0
  workload-job-9    Running     GPU-1
  workload-job-10   Running     GPU-1
  workload-job-11   Running     GPU-5
  workload-job-12   Running     GPU-1
  workload-job-13   (denied or not found)
  workload-job-14   (denied or not found)
  workload-job-15   Running     GPU-4
  workload-job-16   (denied or not found)

  SUMMARY: scheduled=14/17 (49/68 units)  denied=3  maxFreeCompute=7/10  totalFree=11/60 (18%)  util=81.7%  idleWaste=$1.91  costPerJob=$0.671  probeSucceeded=false  valid=true

=== OurWebhook | load=110% | seed=10 ===
  Generated 18 jobs (target load 110%, total compute demand 67/60 units):
  NAME              UNITS  MEM(GB)  TYPE               DURATION(s)
  workload-job-0    2      8        batch-tolerant     2540
  workload-job-1    6      11       batch-tolerant     3112
  workload-job-2    7      29       batch-tolerant     3427
  workload-job-3    4      12       latency-sensitive  1397
  workload-job-4    1      3        latency-sensitive  172
  workload-job-5    5      13       batch-tolerant     1284
  workload-job-6    3      13       latency-sensitive  56
  workload-job-7    8      25       batch-tolerant     198
  workload-job-8    4      8        batch-tolerant     3055
  workload-job-9    2      5        latency-sensitive  2901
  workload-job-10   3      11       latency-sensitive  2777
  workload-job-11   2      9        batch-tolerant     42
  workload-job-12   4      8        batch-tolerant     219
  workload-job-13   2      9        batch-tolerant     3346
  workload-job-14   3      7        batch-tolerant     1279
  workload-job-15   3      5        latency-sensitive  717
  workload-job-16   2      5        latency-sensitive  44
  workload-job-17   6      23       latency-sensitive  1310
2026/08/11 11:35:27 webhook correctly denied workload-job-13 (no fit): admission webhook "gpu-scheduler.simulated.com" denied the request: no GPU has sufficient free compute and memory capacity
2026/08/11 11:35:27 webhook correctly denied workload-job-14 (no fit): admission webhook "gpu-scheduler.simulated.com" denied the request: no GPU has sufficient free compute and memory capacity
2026/08/11 11:35:27 webhook correctly denied workload-job-15 (no fit): admission webhook "gpu-scheduler.simulated.com" denied the request: no GPU has sufficient free compute and memory capacity
2026/08/11 11:35:27 webhook correctly denied workload-job-16 (no fit): admission webhook "gpu-scheduler.simulated.com" denied the request: no GPU has sufficient free compute and memory capacity
2026/08/11 11:35:27 webhook correctly denied workload-job-17 (no fit): admission webhook "gpu-scheduler.simulated.com" denied the request: no GPU has sufficient free compute and memory capacity
  Outcomes:
  NAME              STATUS      GPU
  workload-job-0    Running     GPU-4
  workload-job-1    Running     GPU-5
  workload-job-2    Running     GPU-2
  workload-job-3    Running     GPU-3
  workload-job-4    Running     GPU-2
  workload-job-5    Running     GPU-3
  workload-job-6    Running     GPU-0
  workload-job-7    Running     GPU-1
  workload-job-8    Running     GPU-4
  workload-job-9    Running     GPU-2
  workload-job-10   Running     GPU-0
  workload-job-11   Running     GPU-1
  workload-job-12   Running     GPU-0
  workload-job-13   (denied or not found)
  workload-job-14   (denied or not found)
  workload-job-15   (denied or not found)
  workload-job-16   (denied or not found)
  workload-job-17   (denied or not found)

  SUMMARY: scheduled=13/18 (51/67 units)  denied=5  maxFreeCompute=4/10  totalFree=9/60 (15%)  util=85.0%  idleWaste=$1.56  costPerJob=$0.745  probeSucceeded=false  valid=true

All runs complete.

=== All strategies complete. Results in results/ ===
120
JSON result files written.
